[{"_allAttributes":null,"_properties":null,"_methods":null,"file":"c:/Users/Tanya_Jain/.sfdx/b2bpayment/force-app/main/default/lwc/creditcardform/creditcardform.js","metadata":{"decorators":[{"type":"api","targets":[{"type":"property","name":"microform","value":{"type":"null","value":null}},{"type":"property","name":"token","value":{"type":"string","value":"a101"}},{"type":"property","name":"orderId","value":{"type":"string","value":"8012C000001sXgZQAU"}},{"type":"property","name":"cartId","value":{"type":"string","value":"0a62C000000CabvQAC"}},{"type":"property","name":"cardholderName","value":{"type":"unresolved"}},{"type":"property","name":"selectedCardType","value":{"type":"unresolved"}},{"type":"property","name":"selectedMonth","value":{"type":"unresolved"}},{"type":"property","name":"selectedYear","value":{"type":"unresolved"}},{"type":"property","name":"selectedAddress","value":{"type":"string","value":"9948 Mayflower,Street Atlanta, GA 30303,USA"}},{"type":"property","name":"selectedPaymentMethod","value":{"type":"string","value":"CardPayment"}},{"type":"property","name":"cardTypes","value":{"type":"array","value":[]}},{"type":"property","name":"addresses","value":{"type":"array","value":[]}},{"type":"property","name":"months","value":{"type":"array","value":[]}},{"type":"property","name":"years","value":{"type":"array","value":[]}},{"type":"property","name":"disableButton","value":{"type":"unresolved"}},{"type":"property","name":"hideCreditCardSection","value":{"type":"unresolved"}},{"type":"property","name":"navigateFlow","value":{"type":"unresolved"}}]}],"declarationLoc":{"start":{"line":6,"column":0},"end":{"line":206,"column":1}},"classMembers":[{"type":"property","name":"microform","loc":{"start":{"line":9,"column":0},"end":{"line":9,"column":22}},"decorator":"api","value":{"type":"null","value":null}},{"type":"property","name":"token","loc":{"start":{"line":10,"column":0},"end":{"line":10,"column":20}},"decorator":"api","value":{"type":"string","value":"a101"}},{"type":"property","name":"orderId","loc":{"start":{"line":11,"column":0},"end":{"line":11,"column":36}},"decorator":"api","value":{"type":"string","value":"8012C000001sXgZQAU"}},{"type":"property","name":"cartId","loc":{"start":{"line":12,"column":0},"end":{"line":12,"column":35}},"decorator":"api","value":{"type":"string","value":"0a62C000000CabvQAC"}},{"type":"property","name":"cardholderName","loc":{"start":{"line":13,"column":0},"end":{"line":13,"column":20}},"decorator":"api","value":{"type":"unresolved"}},{"type":"property","name":"selectedCardType","loc":{"start":{"line":14,"column":0},"end":{"line":14,"column":22}},"decorator":"api","value":{"type":"unresolved"}},{"type":"property","name":"selectedMonth","loc":{"start":{"line":15,"column":0},"end":{"line":15,"column":19}},"decorator":"api","value":{"type":"unresolved"}},{"type":"property","name":"selectedYear","loc":{"start":{"line":16,"column":0},"end":{"line":16,"column":18}},"decorator":"api","value":{"type":"unresolved"}},{"type":"property","name":"selectedAddress","loc":{"start":{"line":17,"column":0},"end":{"line":17,"column":69}},"decorator":"api","value":{"type":"string","value":"9948 Mayflower,Street Atlanta, GA 30303,USA"}},{"type":"property","name":"selectedPaymentMethod","loc":{"start":{"line":18,"column":0},"end":{"line":18,"column":43}},"decorator":"api","value":{"type":"string","value":"CardPayment"}},{"type":"property","name":"cardTypes","loc":{"start":{"line":19,"column":0},"end":{"line":19,"column":20}},"decorator":"api","value":{"type":"array","value":[]}},{"type":"property","name":"addresses","loc":{"start":{"line":20,"column":0},"end":{"line":20,"column":20}},"decorator":"api","value":{"type":"array","value":[]}},{"type":"property","name":"months","loc":{"start":{"line":21,"column":0},"end":{"line":21,"column":17}},"decorator":"api","value":{"type":"array","value":[]}},{"type":"property","name":"years","loc":{"start":{"line":22,"column":0},"end":{"line":22,"column":16}},"decorator":"api","value":{"type":"array","value":[]}},{"type":"property","name":"disableButton","loc":{"start":{"line":23,"column":0},"end":{"line":23,"column":19}},"decorator":"api","value":{"type":"unresolved"}},{"type":"property","name":"hideCreditCardSection","loc":{"start":{"line":24,"column":0},"end":{"line":24,"column":27}},"decorator":"api","value":{"type":"unresolved"}},{"type":"property","name":"navigateFlow","loc":{"start":{"line":25,"column":0},"end":{"line":25,"column":18}},"decorator":"api","value":{"type":"unresolved"}},{"type":"method","name":"connectedCallback","loc":{"start":{"line":28,"column":0},"end":{"line":32,"column":1}}},{"type":"method","name":"populatePicklists","loc":{"start":{"line":34,"column":0},"end":{"line":50,"column":1}}},{"type":"method","name":"makeApexCallout","loc":{"start":{"line":52,"column":0},"end":{"line":62,"column":1}}},{"type":"method","name":"makeApexCallout_Callback","loc":{"start":{"line":64,"column":0},"end":{"line":75,"column":1}}},{"type":"method","name":"handleCardTypeChange","loc":{"start":{"line":77,"column":0},"end":{"line":80,"column":1}}},{"type":"method","name":"handleMonthChange","loc":{"start":{"line":82,"column":0},"end":{"line":85,"column":1}}},{"type":"method","name":"handleYearChange","loc":{"start":{"line":87,"column":0},"end":{"line":90,"column":1}}},{"type":"method","name":"handleAddressChange","loc":{"start":{"line":92,"column":0},"end":{"line":95,"column":1}}},{"type":"method","name":"handleResponse","loc":{"start":{"line":97,"column":0},"end":{"line":102,"column":1}}},{"type":"method","name":"handleCardTypes","loc":{"start":{"line":104,"column":0},"end":{"line":110,"column":1}}},{"type":"method","name":"handleAddresses","loc":{"start":{"line":112,"column":0},"end":{"line":124,"column":1}}},{"type":"method","name":"setupForm","loc":{"start":{"line":126,"column":0},"end":{"line":136,"column":1}}},{"type":"method","name":"handlePayClick","loc":{"start":{"line":138,"column":0},"end":{"line":165,"column":1}}},{"type":"method","name":"submitPayment","loc":{"start":{"line":167,"column":0},"end":{"line":186,"column":1}}},{"type":"method","name":"submitPayment_Callback","loc":{"start":{"line":188,"column":0},"end":{"line":204,"column":1}}}],"exports":[{"type":"ExportDefaultDeclaration"}]},"updatedAt":"2022-04-06T08:49:51.086Z"},{"_allAttributes":null,"_properties":null,"_methods":null,"file":"c:/Users/Tanya_Jain/.sfdx/b2bpayment/force-app/main/default/lwc/creditCardFormLwc/creditCardFormLwc.js","metadata":{"decorators":[{"type":"api","targets":[{"type":"property","name":"microform","value":{"type":"object","value":{}}},{"type":"property","name":"token","value":{"type":"unresolved"}},{"type":"property","name":"orderId","value":{"type":"unresolved"}},{"type":"property","name":"cartId","value":{"type":"unresolved"}},{"type":"property","name":"cardholderName","value":{"type":"unresolved"}},{"type":"property","name":"selectedCardType","value":{"type":"unresolved"}},{"type":"property","name":"selectedMonth","value":{"type":"unresolved"}},{"type":"property","name":"selectedYear","value":{"type":"unresolved"}},{"type":"property","name":"selectedAddress","value":{"type":"unresolved"}},{"type":"property","name":"selectedPaymentMethod","value":{"type":"string","value":"CardPayment"}},{"type":"property","name":"cardTypes","value":{"type":"array","value":[]}},{"type":"property","name":"addresses","value":{"type":"array","value":[]}},{"type":"property","name":"months","value":{"type":"array","value":[]}},{"type":"property","name":"years","value":{"type":"array","value":[]}},{"type":"property","name":"disableButton","value":{"type":"unresolved"}},{"type":"property","name":"hideCreditCardSection","value":{"type":"unresolved"}},{"type":"property","name":"navigateFlow","value":{"type":"unresolved"}}]}],"declarationLoc":{"start":{"line":8,"column":0},"end":{"line":242,"column":1}},"classMembers":[{"type":"property","name":"microform","loc":{"start":{"line":11,"column":4},"end":{"line":11,"column":24}},"decorator":"api","value":{"type":"object","value":{}}},{"type":"property","name":"token","loc":{"start":{"line":12,"column":4},"end":{"line":12,"column":15}},"decorator":"api","value":{"type":"unresolved"}},{"type":"property","name":"orderId","loc":{"start":{"line":13,"column":4},"end":{"line":13,"column":17}},"decorator":"api","value":{"type":"unresolved"}},{"type":"property","name":"cartId","loc":{"start":{"line":14,"column":4},"end":{"line":14,"column":16}},"decorator":"api","value":{"type":"unresolved"}},{"type":"property","name":"cardholderName","loc":{"start":{"line":15,"column":4},"end":{"line":15,"column":24}},"decorator":"api","value":{"type":"unresolved"}},{"type":"property","name":"selectedCardType","loc":{"start":{"line":16,"column":4},"end":{"line":16,"column":26}},"decorator":"api","value":{"type":"unresolved"}},{"type":"property","name":"selectedMonth","loc":{"start":{"line":17,"column":4},"end":{"line":17,"column":23}},"decorator":"api","value":{"type":"unresolved"}},{"type":"property","name":"selectedYear","loc":{"start":{"line":18,"column":4},"end":{"line":18,"column":22}},"decorator":"api","value":{"type":"unresolved"}},{"type":"property","name":"selectedAddress","loc":{"start":{"line":19,"column":4},"end":{"line":19,"column":25}},"decorator":"api","value":{"type":"unresolved"}},{"type":"property","name":"selectedPaymentMethod","loc":{"start":{"line":20,"column":4},"end":{"line":20,"column":47}},"decorator":"api","value":{"type":"string","value":"CardPayment"}},{"type":"property","name":"cardTypes","loc":{"start":{"line":21,"column":4},"end":{"line":21,"column":24}},"decorator":"api","value":{"type":"array","value":[]}},{"type":"property","name":"addresses","loc":{"start":{"line":22,"column":4},"end":{"line":22,"column":24}},"decorator":"api","value":{"type":"array","value":[]}},{"type":"property","name":"months","loc":{"start":{"line":23,"column":4},"end":{"line":23,"column":21}},"decorator":"api","value":{"type":"array","value":[]}},{"type":"property","name":"years","loc":{"start":{"line":24,"column":4},"end":{"line":24,"column":20}},"decorator":"api","value":{"type":"array","value":[]}},{"type":"property","name":"disableButton","loc":{"start":{"line":25,"column":4},"end":{"line":25,"column":23}},"decorator":"api","value":{"type":"unresolved"}},{"type":"property","name":"hideCreditCardSection","loc":{"start":{"line":26,"column":4},"end":{"line":26,"column":31}},"decorator":"api","value":{"type":"unresolved"}},{"type":"property","name":"navigateFlow","loc":{"start":{"line":27,"column":4},"end":{"line":27,"column":22}},"decorator":"api","value":{"type":"unresolved"}},{"type":"method","name":"connectedCallback","loc":{"start":{"line":29,"column":4},"end":{"line":50,"column":5}}},{"type":"method","name":"populatePicklists","loc":{"start":{"line":52,"column":4},"end":{"line":68,"column":5}}},{"type":"method","name":"makeApexCallout","loc":{"start":{"line":70,"column":4},"end":{"line":81,"column":5}}},{"type":"method","name":"makeApexCallout_Callback","loc":{"start":{"line":84,"column":4},"end":{"line":101,"column":5}}},{"type":"method","name":"handleCardTypeChange","loc":{"start":{"line":103,"column":4},"end":{"line":106,"column":5}}},{"type":"method","name":"handleMonthChange","loc":{"start":{"line":108,"column":4},"end":{"line":111,"column":5}}},{"type":"method","name":"handleYearChange","loc":{"start":{"line":113,"column":4},"end":{"line":116,"column":5}}},{"type":"method","name":"handleAddressChange","loc":{"start":{"line":118,"column":4},"end":{"line":121,"column":5}}},{"type":"method","name":"handleResponse","loc":{"start":{"line":123,"column":4},"end":{"line":132,"column":5}}},{"type":"method","name":"handleCardTypes","loc":{"start":{"line":134,"column":4},"end":{"line":140,"column":5}}},{"type":"method","name":"handleAddresses","loc":{"start":{"line":142,"column":4},"end":{"line":154,"column":5}}},{"type":"method","name":"setupForm","loc":{"start":{"line":156,"column":4},"end":{"line":166,"column":5}}},{"type":"method","name":"handlePayClick","loc":{"start":{"line":168,"column":4},"end":{"line":197,"column":5}}},{"type":"method","name":"submitPayment","loc":{"start":{"line":199,"column":4},"end":{"line":219,"column":5}}},{"type":"method","name":"submitPayment_Callback","loc":{"start":{"line":221,"column":4},"end":{"line":240,"column":5}}}],"exports":[{"type":"ExportDefaultDeclaration"}]},"updatedAt":"2022-04-07T05:46:50.088Z"},{"_allAttributes":null,"_properties":null,"_methods":null,"file":"c:/Users/Tanya_Jain/.sfdx/b2bpayment/force-app/main/default/lwc/modal/modal.js","metadata":{"decorators":[{"type":"api","targets":[{"type":"property","name":"closeIconSize","value":{"type":"string","value":"small"}},{"type":"property","name":"tabIdx","value":{"type":"unresolved"}},{"type":"property","name":"title"},{"type":"property","name":"showHeader"},{"type":"property","name":"showSubTitle"},{"type":"property","name":"showFooter"},{"type":"property","name":"showClose"},{"type":"property","name":"size"},{"type":"property","name":"modalClass"},{"type":"property","name":"headerClass"},{"type":"property","name":"footerClass"}]}],"declarationLoc":{"start":{"line":3,"column":0},"end":{"line":235,"column":1}},"classMembers":[{"type":"property","name":"closeLabel","loc":{"start":{"line":65,"column":5},"end":{"line":65,"column":29}},"doc":"*\n      * Close label\n      * @type {string}"},{"type":"property","name":"closeIconSize","loc":{"start":{"line":67,"column":5},"end":{"line":68,"column":29}},"decorator":"api","value":{"type":"string","value":"small"}},{"type":"property","name":"tabIdx","loc":{"start":{"line":69,"column":5},"end":{"line":70,"column":17}},"decorator":"api","value":{"type":"unresolved"}},{"type":"property","name":"title","loc":{"start":{"line":77,"column":5},"end":{"line":79,"column":6}},"doc":"*\n      * Set modal title\n      * @param value {string} A string modal title\n      * @public","decorator":"api"},{"type":"property","name":"showHeader","loc":{"start":{"line":86,"column":5},"end":{"line":88,"column":6}},"doc":"*\n      * Set modal header visibility\n      * @param value {boolean}\n      * @public","decorator":"api"},{"type":"property","name":"showSubTitle","loc":{"start":{"line":95,"column":5},"end":{"line":97,"column":6}},"doc":"*\n      * Set modal subtitle visibility\n      * @param value {boolean}\n      * @public","decorator":"api"},{"type":"property","name":"showFooter","loc":{"start":{"line":104,"column":5},"end":{"line":106,"column":6}},"doc":"*\n      * Set modal footer visibility\n      * @param value {boolean}\n      * @public","decorator":"api"},{"type":"property","name":"showClose","loc":{"start":{"line":113,"column":5},"end":{"line":115,"column":6}},"doc":"*\n      * Set modal close button visibility\n      * @param value {boolean}\n      * @public","decorator":"api"},{"type":"property","name":"size","loc":{"start":{"line":122,"column":5},"end":{"line":124,"column":6}},"doc":"*\n      * Set modal size\n      * @param value {string} Available values: small, medium, large\n      * @public","decorator":"api"},{"type":"property","name":"modalClass","loc":{"start":{"line":131,"column":5},"end":{"line":133,"column":6}},"doc":"*\n      * Set modal class\n      * @param value {string} A string of modal classes\n      * @public","decorator":"api"},{"type":"property","name":"headerClass","loc":{"start":{"line":140,"column":5},"end":{"line":142,"column":6}},"doc":"*\n      * Set modal class\n      * @param value {string} A string of header classes\n      * @public","decorator":"api"},{"type":"property","name":"footerClass","loc":{"start":{"line":149,"column":5},"end":{"line":151,"column":6}},"doc":"*\n      * Set modal class\n      * @param value {string} A string of footer classes\n      * @public","decorator":"api"},{"type":"method","name":"onClose","loc":{"start":{"line":229,"column":5},"end":{"line":234,"column":6}},"doc":"*\n      * Modal close button action\n      * @see close"}],"exports":[{"type":"ExportDefaultDeclaration"}]},"updatedAt":"2022-04-29T05:46:06.015Z"},{"_allAttributes":null,"_properties":null,"_methods":null,"file":"c:/Users/Tanya_Jain/.sfdx/b2bpayment/force-app/main/default/lwc/paginatorruleengine/paginatorruleengine.js","metadata":{"decorators":[{"type":"api","targets":[{"type":"property","name":"pageSizeOptions","value":{"type":"unresolved"}},{"type":"property","name":"optionsSize","value":{"type":"number","value":12}},{"type":"property","name":"optionsSmallSize","value":{"type":"number","value":8}},{"type":"property","name":"optionsMediumSize","value":{"type":"number","value":5}},{"type":"property","name":"optionsLargeSize","value":{"type":"number","value":4}},{"type":"property","name":"nextSize","value":{"type":"number","value":12}},{"type":"property","name":"nextSmallSize","value":{"type":"number","value":8}},{"type":"property","name":"nextMediumSize","value":{"type":"number","value":3}},{"type":"property","name":"nextLargeSize","value":{"type":"number","value":4}},{"type":"property","name":"recordSize","value":{"type":"number","value":5}},{"type":"property","name":"records"}]},{"type":"wire","targets":[{"name":"messageContext","adapter":{"name":"MessageContext","reference":"lightning/messageService"},"type":"property"}]},{"type":"track","targets":[{"name":"currentPage","type":"property"},{"name":"startingRecord","type":"property"},{"name":"endingRecord","type":"property"},{"name":"totalRecountCount","type":"property"},{"name":"controlPagination","type":"property"},{"name":"controlPrevious","type":"property"},{"name":"controlNext","type":"property"}]}],"declarationLoc":{"start":{"line":10,"column":0},"end":{"line":174,"column":1}},"classMembers":[{"type":"property","name":"currentPage","loc":{"start":{"line":11,"column":4},"end":{"line":11,"column":26}},"decorator":"track"},{"type":"property","name":"totalRecordsBackup","loc":{"start":{"line":12,"column":4},"end":{"line":12,"column":23}}},{"type":"property","name":"totalRecords","loc":{"start":{"line":13,"column":4},"end":{"line":13,"column":17}}},{"type":"property","name":"totalPage","loc":{"start":{"line":14,"column":4},"end":{"line":14,"column":18}}},{"type":"property","name":"startingRecord","loc":{"start":{"line":15,"column":4},"end":{"line":15,"column":30}},"decorator":"track"},{"type":"property","name":"endingRecord","loc":{"start":{"line":16,"column":4},"end":{"line":16,"column":28}},"decorator":"track"},{"type":"property","name":"visibleRecords","loc":{"start":{"line":17,"column":4},"end":{"line":17,"column":19}}},{"type":"property","name":"totalRecountCount","loc":{"start":{"line":18,"column":4},"end":{"line":18,"column":33}},"decorator":"track"},{"type":"property","name":"pageSizeOptions","loc":{"start":{"line":19,"column":4},"end":{"line":19,"column":42}},"decorator":"api","value":{"type":"unresolved"}},{"type":"property","name":"optionsSize","loc":{"start":{"line":28,"column":4},"end":{"line":28,"column":26}},"decorator":"api","value":{"type":"number","value":12}},{"type":"property","name":"optionsSmallSize","loc":{"start":{"line":29,"column":4},"end":{"line":29,"column":30}},"decorator":"api","value":{"type":"number","value":8}},{"type":"property","name":"optionsMediumSize","loc":{"start":{"line":30,"column":4},"end":{"line":30,"column":31}},"decorator":"api","value":{"type":"number","value":5}},{"type":"property","name":"optionsLargeSize","loc":{"start":{"line":31,"column":4},"end":{"line":31,"column":30}},"decorator":"api","value":{"type":"number","value":4}},{"type":"property","name":"nextSize","loc":{"start":{"line":34,"column":4},"end":{"line":34,"column":23}},"decorator":"api","value":{"type":"number","value":12}},{"type":"property","name":"nextSmallSize","loc":{"start":{"line":35,"column":4},"end":{"line":35,"column":27}},"decorator":"api","value":{"type":"number","value":8}},{"type":"property","name":"nextMediumSize","loc":{"start":{"line":36,"column":4},"end":{"line":36,"column":28}},"decorator":"api","value":{"type":"number","value":3}},{"type":"property","name":"nextLargeSize","loc":{"start":{"line":37,"column":4},"end":{"line":37,"column":27}},"decorator":"api","value":{"type":"number","value":4}},{"type":"property","name":"controlPagination","loc":{"start":{"line":39,"column":4},"end":{"line":39,"column":38}},"decorator":"track"},{"type":"property","name":"controlPrevious","loc":{"start":{"line":40,"column":4},"end":{"line":40,"column":36}},"decorator":"track"},{"type":"property","name":"controlNext","loc":{"start":{"line":41,"column":4},"end":{"line":41,"column":32}},"decorator":"track"},{"type":"property","name":"recordSize","loc":{"start":{"line":43,"column":4},"end":{"line":43,"column":24}},"decorator":"api","value":{"type":"number","value":5}},{"type":"property","name":"records","loc":{"start":{"line":44,"column":4},"end":{"line":47,"column":5}},"decorator":"api"},{"type":"method","name":"handleRecordsPerPage","loc":{"start":{"line":81,"column":4},"end":{"line":87,"column":5}}},{"type":"property","name":"disablePrevious","loc":{"start":{"line":90,"column":4},"end":{"line":92,"column":5}}},{"type":"property","name":"disableNext","loc":{"start":{"line":93,"column":4},"end":{"line":95,"column":5}}},{"type":"method","name":"previousHandler","loc":{"start":{"line":97,"column":4},"end":{"line":104,"column":5}}},{"type":"method","name":"nextHandler","loc":{"start":{"line":106,"column":4},"end":{"line":112,"column":5}}},{"type":"method","name":"updateRecords","loc":{"start":{"line":114,"column":4},"end":{"line":126,"column":5}}},{"type":"method","name":"displayRecord","loc":{"start":{"line":135,"column":4},"end":{"line":153,"column":5}}},{"type":"property","name":"subscription","loc":{"start":{"line":155,"column":4},"end":{"line":155,"column":24}}},{"type":"property","name":"messageContext","loc":{"start":{"line":156,"column":2},"end":{"line":157,"column":17}},"decorator":"wire"},{"type":"method","name":"connectedCallback","loc":{"start":{"line":158,"column":2},"end":{"line":168,"column":3}}},{"type":"method","name":"disconnectedCallback","loc":{"start":{"line":170,"column":2},"end":{"line":173,"column":3}}}],"exports":[{"type":"ExportDefaultDeclaration"}]},"updatedAt":"2022-05-02T12:37:59.164Z"},{"_allAttributes":null,"_properties":null,"_methods":null,"file":"c:/Users/Tanya_Jain/.sfdx/b2bpayment/force-app/main/default/lwc/ruleConfigDropDownPOC/ruleConfigDropDownPOC.js","metadata":{"decorators":[{"type":"api","targets":[{"type":"property","name":"recordId","value":{"type":"unresolved"}},{"type":"property","name":"filtersSelected"}]},{"type":"wire","targets":[{"name":"wiredObjectNames","adapter":{"name":"getSupportedObjects","reference":"@salesforce/apex/RuleConfiguratonController.getSupportedObjects"},"type":"method"}]},{"type":"track","targets":[{"name":"accounts","type":"property"},{"name":"error","type":"property"},{"name":"objectNameList","type":"property"},{"name":"rules","type":"property"},{"name":"visibleRules","type":"property"},{"name":"rulesBackup","type":"property"},{"name":"rulesFilter","type":"property"},{"name":"data","type":"property"},{"name":"relatedRuleExceptions","type":"property"},{"name":"relatedRuleCriterias","type":"property"},{"name":"relatedRuleActions","type":"property"},{"name":"dataAll","type":"property"},{"name":"activeSections","type":"property"},{"name":"ruleId","type":"property"},{"name":"ruleName","type":"property"},{"name":"recordsCount","type":"property"},{"name":"isDeleteTrue","type":"property"},{"name":"labelDelete","type":"property"},{"name":"sortBy","type":"property"},{"name":"sortDirection","type":"property"}]}],"declarationLoc":{"start":{"line":51,"column":0},"end":{"line":582,"column":1}},"classMembers":[{"type":"property","name":"accounts","loc":{"start":{"line":52,"column":2},"end":{"line":52,"column":18}},"decorator":"track"},{"type":"property","name":"error","loc":{"start":{"line":53,"column":2},"end":{"line":53,"column":15}},"decorator":"track"},{"type":"property","name":"objectNameList","loc":{"start":{"line":54,"column":2},"end":{"line":54,"column":29}},"decorator":"track"},{"type":"property","name":"rules","loc":{"start":{"line":55,"column":2},"end":{"line":55,"column":20}},"decorator":"track"},{"type":"property","name":"visibleRules","loc":{"start":{"line":56,"column":2},"end":{"line":56,"column":22}},"decorator":"track"},{"type":"property","name":"rulesBackup","loc":{"start":{"line":57,"column":2},"end":{"line":57,"column":21}},"decorator":"track"},{"type":"property","name":"rulesFilter","loc":{"start":{"line":58,"column":2},"end":{"line":58,"column":26}},"decorator":"track"},{"type":"property","name":"data","loc":{"start":{"line":59,"column":2},"end":{"line":59,"column":14}},"decorator":"track"},{"type":"property","name":"relatedRuleExceptions","loc":{"start":{"line":60,"column":2},"end":{"line":60,"column":31}},"decorator":"track"},{"type":"property","name":"relatedRuleCriterias","loc":{"start":{"line":61,"column":2},"end":{"line":61,"column":30}},"decorator":"track"},{"type":"property","name":"relatedRuleActions","loc":{"start":{"line":62,"column":2},"end":{"line":62,"column":28}},"decorator":"track"},{"type":"property","name":"dataAll","loc":{"start":{"line":63,"column":2},"end":{"line":63,"column":17}},"decorator":"track"},{"type":"property","name":"activeSections","loc":{"start":{"line":64,"column":2},"end":{"line":64,"column":29}},"decorator":"track"},{"type":"property","name":"ruleId","loc":{"start":{"line":65,"column":2},"end":{"line":65,"column":16}},"decorator":"track"},{"type":"property","name":"ruleName","loc":{"start":{"line":66,"column":2},"end":{"line":66,"column":18}},"decorator":"track"},{"type":"property","name":"recordsCount","loc":{"start":{"line":67,"column":2},"end":{"line":67,"column":26}},"decorator":"track"},{"type":"property","name":"isDeleteTrue","loc":{"start":{"line":68,"column":2},"end":{"line":68,"column":30}},"decorator":"track"},{"type":"property","name":"labelDelete","loc":{"start":{"line":69,"column":2},"end":{"line":69,"column":49}},"decorator":"track"},{"type":"property","name":"sortBy","loc":{"start":{"line":70,"column":2},"end":{"line":70,"column":48}},"decorator":"track"},{"type":"property","name":"sortDirection","loc":{"start":{"line":71,"column":2},"end":{"line":71,"column":32}},"decorator":"track"},{"type":"property","name":"recordSize","loc":{"start":{"line":73,"column":2},"end":{"line":73,"column":18}}},{"type":"property","name":"displayAllRules","loc":{"start":{"line":74,"column":2},"end":{"line":74,"column":26}}},{"type":"property","name":"displayRuleRelatedRecords","loc":{"start":{"line":75,"column":2},"end":{"line":75,"column":36}}},{"type":"property","name":"displayActionModal","loc":{"start":{"line":76,"column":2},"end":{"line":76,"column":29}}},{"type":"property","name":"displayBottomGrid","loc":{"start":{"line":77,"column":2},"end":{"line":77,"column":28}}},{"type":"property","name":"objectsAvailable","loc":{"start":{"line":78,"column":2},"end":{"line":78,"column":27}}},{"type":"property","name":"loading","loc":{"start":{"line":79,"column":2},"end":{"line":79,"column":17}}},{"type":"property","name":"isActive","loc":{"start":{"line":80,"column":2},"end":{"line":80,"column":19}}},{"type":"property","name":"filterValue","loc":{"start":{"line":81,"column":2},"end":{"line":81,"column":21}}},{"type":"property","name":"selectedRecords","loc":{"start":{"line":82,"column":2},"end":{"line":82,"column":23}}},{"type":"property","name":"ruleTypeValue","loc":{"start":{"line":83,"column":2},"end":{"line":83,"column":21}}},{"type":"property","name":"isActiveValue","loc":{"start":{"line":84,"column":2},"end":{"line":84,"column":21}}},{"type":"property","name":"executionTypeValue","loc":{"start":{"line":85,"column":2},"end":{"line":85,"column":26}}},{"type":"property","name":"rulesAvailable","loc":{"start":{"line":86,"column":2},"end":{"line":86,"column":24}}},{"type":"property","name":"isOnLoad","loc":{"start":{"line":87,"column":2},"end":{"line":87,"column":18}}},{"type":"property","name":"disableConnectedCallback","loc":{"start":{"line":88,"column":2},"end":{"line":88,"column":35}}},{"type":"property","name":"pageOptions","loc":{"start":{"line":89,"column":2},"end":{"line":89,"column":34}}},{"type":"property","name":"columns","loc":{"start":{"line":91,"column":2},"end":{"line":91,"column":20}}},{"type":"property","name":"selectedAction","loc":{"start":{"line":92,"column":2},"end":{"line":92,"column":17}}},{"type":"property","name":"selectedActionRowId","loc":{"start":{"line":93,"column":2},"end":{"line":93,"column":22}}},{"type":"property","name":"selectedExpActionRowId","loc":{"start":{"line":94,"column":2},"end":{"line":94,"column":25}}},{"type":"property","name":"actionEdit","loc":{"start":{"line":95,"column":2},"end":{"line":95,"column":13}}},{"type":"property","name":"actionEditRecord","loc":{"start":{"line":96,"column":2},"end":{"line":96,"column":19}}},{"type":"property","name":"actionViewRecord","loc":{"start":{"line":97,"column":2},"end":{"line":97,"column":18}}},{"type":"property","name":"actionCreateRecord","loc":{"start":{"line":98,"column":2},"end":{"line":98,"column":21}}},{"type":"property","name":"ruleRecordTypeId","loc":{"start":{"line":99,"column":2},"end":{"line":99,"column":19}}},{"type":"property","name":"objectSelected","loc":{"start":{"line":100,"column":2},"end":{"line":100,"column":17}}},{"type":"property","name":"selectedisActiveValue","loc":{"start":{"line":101,"column":2},"end":{"line":101,"column":24}}},{"type":"property","name":"selectedExecutionTypeValue","loc":{"start":{"line":102,"column":2},"end":{"line":102,"column":29}}},{"type":"property","name":"selectedRuleTypeValue","loc":{"start":{"line":103,"column":2},"end":{"line":103,"column":24}}},{"type":"property","name":"ruleReadOnlyFieldVal","loc":{"start":{"line":104,"column":2},"end":{"line":104,"column":23}}},{"type":"property","name":"highlightRow","loc":{"start":{"line":105,"column":2},"end":{"line":105,"column":23}}},{"type":"property","name":"recordId","loc":{"start":{"line":108,"column":2},"end":{"line":108,"column":16}},"decorator":"api","value":{"type":"unresolved"}},{"type":"property","name":"filtersSelected","loc":{"start":{"line":109,"column":2},"end":{"line":116,"column":3}},"decorator":"api"},{"type":"property","name":"options","loc":{"start":{"line":118,"column":2},"end":{"line":124,"column":3}}},{"type":"property","name":"isActiveOptions","loc":{"start":{"line":126,"column":2},"end":{"line":132,"column":3}}},{"type":"property","name":"executionTypeOptions","loc":{"start":{"line":134,"column":2},"end":{"line":140,"column":3}}},{"type":"property","name":"getobjectSelected","loc":{"start":{"line":142,"column":2},"end":{"line":144,"column":3}}},{"type":"property","name":"ruleModalTitle","loc":{"start":{"line":146,"column":2},"end":{"line":148,"column":3}}},{"type":"property","name":"allObjects","loc":{"start":{"line":150,"column":2},"end":{"line":152,"column":3}}},{"type":"method","name":"wiredObjectNames","loc":{"start":{"line":155,"column":2},"end":{"line":175,"column":3}},"decorator":"wire"},{"type":"method","name":"handleSelection","loc":{"start":{"line":178,"column":2},"end":{"line":195,"column":3}}},{"type":"method","name":"diplayRulesOfSelectedObject","loc":{"start":{"line":198,"column":2},"end":{"line":223,"column":3}}},{"type":"method","name":"filterRules","loc":{"start":{"line":226,"column":2},"end":{"line":230,"column":3}}},{"type":"method","name":"filterRecords","loc":{"start":{"line":233,"column":2},"end":{"line":270,"column":3}}},{"type":"method","name":"filterRecordsInServer","loc":{"start":{"line":273,"column":2},"end":{"line":293,"column":3}}},{"type":"method","name":"DragStart","loc":{"start":{"line":295,"column":2},"end":{"line":298,"column":3}}},{"type":"method","name":"DragOver","loc":{"start":{"line":300,"column":2},"end":{"line":303,"column":3}}},{"type":"method","name":"Drop","loc":{"start":{"line":305,"column":2},"end":{"line":319,"column":3}}},{"type":"method","name":"buildFilter","loc":{"start":{"line":322,"column":2},"end":{"line":330,"column":3}}},{"type":"method","name":"filterData","loc":{"start":{"line":333,"column":2},"end":{"line":343,"column":3}}},{"type":"method","name":"doColumnSorting","loc":{"start":{"line":346,"column":2},"end":{"line":353,"column":3}}},{"type":"method","name":"sortData","loc":{"start":{"line":356,"column":2},"end":{"line":373,"column":3}}},{"type":"method","name":"updateHandler","loc":{"start":{"line":376,"column":2},"end":{"line":378,"column":3}}},{"type":"method","name":"handlePaginatorChange","loc":{"start":{"line":381,"column":2},"end":{"line":384,"column":3}}},{"type":"method","name":"toggleRoleModal","loc":{"start":{"line":387,"column":2},"end":{"line":391,"column":3}}},{"type":"method","name":"handleRowAction","loc":{"start":{"line":394,"column":2},"end":{"line":441,"column":3}}},{"type":"method","name":"handleModalClose","loc":{"start":{"line":444,"column":2},"end":{"line":447,"column":3}}},{"type":"method","name":"handleCreateNewRule","loc":{"start":{"line":450,"column":2},"end":{"line":455,"column":3}}},{"type":"method","name":"handleSave","loc":{"start":{"line":458,"column":2},"end":{"line":460,"column":3}}},{"type":"method","name":"handleRuleCreateEditSuccess","loc":{"start":{"line":463,"column":2},"end":{"line":476,"column":3}}},{"type":"method","name":"handleSectionToggle","loc":{"start":{"line":491,"column":2},"end":{"line":493,"column":3}}},{"type":"method","name":"handleActiveOptionsChange","loc":{"start":{"line":495,"column":2},"end":{"line":497,"column":3}}},{"type":"method","name":"handleexecutionTypeOptionsChange","loc":{"start":{"line":499,"column":2},"end":{"line":501,"column":3}}},{"type":"method","name":"handleDeleteRules","loc":{"start":{"line":503,"column":2},"end":{"line":545,"column":3}}},{"type":"method","name":"getSelectedRules","loc":{"start":{"line":547,"column":2},"end":{"line":557,"column":3}}},{"type":"method","name":"refreshData","loc":{"start":{"line":559,"column":2},"end":{"line":564,"column":3}}},{"type":"method","name":"handleCheckboxChange","loc":{"start":{"line":566,"column":2},"end":{"line":568,"column":3}}},{"type":"method","name":"handleChange","loc":{"start":{"line":570,"column":2},"end":{"line":572,"column":3}}},{"type":"method","name":"handleRuleTypeChange","loc":{"start":{"line":574,"column":2},"end":{"line":576,"column":3}}},{"type":"method","name":"addColor","loc":{"start":{"line":578,"column":2},"end":{"line":580,"column":3}}}],"exports":[{"type":"ExportDefaultDeclaration"}]},"updatedAt":"2022-04-29T05:46:05.980Z"},{"_allAttributes":null,"_properties":null,"_methods":null,"file":"c:/Users/Tanya_Jain/.sfdx/b2bpayment/force-app/main/default/lwc/ruleConfigForm/ruleConfigForm.js","metadata":{"decorators":[{"type":"api","targets":[{"type":"property","name":"recordId","value":{"type":"unresolved"}}]},{"type":"wire","targets":[{"name":"getWiredRecord","adapter":{"name":"getRuleData","reference":"@salesforce/apex/RuleConfiguratonController.getRuleData"},"type":"method","static":{},"params":{"recordId":"recordId"}}]},{"type":"track","targets":[{"name":"wiredRecord","type":"property"}]}],"declarationLoc":{"start":{"line":19,"column":0},"end":{"line":155,"column":1}},"classMembers":[{"type":"property","name":"recordId","loc":{"start":{"line":20,"column":0},"end":{"line":20,"column":14}},"decorator":"api","value":{"type":"unresolved"}},{"type":"property","name":"name","loc":{"start":{"line":21,"column":0},"end":{"line":21,"column":5}}},{"type":"property","name":"ruleSequence","loc":{"start":{"line":22,"column":0},"end":{"line":22,"column":13}}},{"type":"property","name":"active","loc":{"start":{"line":23,"column":0},"end":{"line":23,"column":7}}},{"type":"property","name":"ruleConditon","loc":{"start":{"line":24,"column":0},"end":{"line":24,"column":13}}},{"type":"property","name":"ruleType","loc":{"start":{"line":25,"column":0},"end":{"line":25,"column":9}}},{"type":"property","name":"isExecutionAfter","loc":{"start":{"line":26,"column":0},"end":{"line":26,"column":17}}},{"type":"property","name":"isExecutionBefore","loc":{"start":{"line":27,"column":0},"end":{"line":27,"column":18}}},{"type":"property","name":"record","loc":{"start":{"line":28,"column":0},"end":{"line":28,"column":7}}},{"type":"property","name":"error","loc":{"start":{"line":29,"column":0},"end":{"line":29,"column":6}}},{"type":"property","name":"ruleConditionPicklistValues","loc":{"start":{"line":30,"column":0},"end":{"line":30,"column":59}}},{"type":"property","name":"ruleTypePicklistValues","loc":{"start":{"line":31,"column":0},"end":{"line":31,"column":49}}},{"type":"property","name":"ruleObject","loc":{"start":{"line":32,"column":0},"end":{"line":32,"column":11}}},{"type":"property","name":"wiredRecord","loc":{"start":{"line":33,"column":0},"end":{"line":33,"column":23}},"decorator":"track"},{"type":"method","name":"getWiredRecord","loc":{"start":{"line":35,"column":0},"end":{"line":54,"column":1}},"decorator":"wire"},{"type":"method","name":"connectedCallback","loc":{"start":{"line":55,"column":0},"end":{"line":57,"column":1}}},{"type":"method","name":"handleSave","loc":{"start":{"line":59,"column":0},"end":{"line":101,"column":1}}},{"type":"method","name":"refreshCache","loc":{"start":{"line":102,"column":0},"end":{"line":115,"column":1}}},{"type":"property","name":"dataInitialized","loc":{"start":{"line":116,"column":0},"end":{"line":118,"column":1}}},{"type":"method","name":"handleCancel","loc":{"start":{"line":119,"column":0},"end":{"line":121,"column":1}}},{"type":"method","name":"handleRuleObjectChange","loc":{"start":{"line":122,"column":0},"end":{"line":124,"column":1}}},{"type":"method","name":"handleRuleTypeChange","loc":{"start":{"line":126,"column":0},"end":{"line":128,"column":1}}},{"type":"method","name":"handleRuleConditonChange","loc":{"start":{"line":130,"column":0},"end":{"line":132,"column":1}}},{"type":"method","name":"handleIsExecutionAfterChange","loc":{"start":{"line":134,"column":0},"end":{"line":136,"column":1}}},{"type":"method","name":"handleIsExecutionBeforeChange","loc":{"start":{"line":137,"column":0},"end":{"line":139,"column":1}}},{"type":"method","name":"handleRuleSequenceChange","loc":{"start":{"line":140,"column":0},"end":{"line":142,"column":1}}},{"type":"method","name":"handleActiveChange","loc":{"start":{"line":143,"column":0},"end":{"line":145,"column":1}}},{"type":"property","name":"requiredFieldsPresent","loc":{"start":{"line":146,"column":0},"end":{"line":148,"column":1}}},{"type":"method","name":"handleRuleConditionChange","loc":{"start":{"line":149,"column":0},"end":{"line":151,"column":1}}}],"exports":[{"type":"ExportDefaultDeclaration"}]},"updatedAt":"2022-04-29T05:46:05.983Z"},{"_allAttributes":null,"_properties":null,"_methods":null,"file":"c:/Users/Tanya_Jain/.sfdx/b2bpayment/force-app/main/default/lwc/ruleConfigManagementModal/ruleConfigManagementModal.js","metadata":{"decorators":[{"type":"api","targets":[{"type":"property","name":"header","value":{"type":"unresolved"}},{"type":"property","name":"tagline","value":{"type":"unresolved"}},{"type":"property","name":"action","value":{"type":"unresolved"}},{"type":"property","name":"recordId","value":{"type":"unresolved"}}]}],"declarationLoc":{"start":{"line":3,"column":0},"end":{"line":34,"column":1}},"classMembers":[{"type":"property","name":"header","loc":{"start":{"line":4,"column":4},"end":{"line":4,"column":16}},"decorator":"api","value":{"type":"unresolved"}},{"type":"property","name":"tagline","loc":{"start":{"line":5,"column":4},"end":{"line":5,"column":17}},"decorator":"api","value":{"type":"unresolved"}},{"type":"property","name":"action","loc":{"start":{"line":6,"column":4},"end":{"line":6,"column":16}},"decorator":"api","value":{"type":"unresolved"}},{"type":"property","name":"recordId","loc":{"start":{"line":7,"column":4},"end":{"line":7,"column":18}},"decorator":"api","value":{"type":"unresolved"}},{"type":"method","name":"connectedCallback","loc":{"start":{"line":9,"column":4},"end":{"line":21,"column":5}}},{"type":"property","name":"displayRuleForm","loc":{"start":{"line":23,"column":4},"end":{"line":25,"column":5}}},{"type":"method","name":"handleClose","loc":{"start":{"line":27,"column":4},"end":{"line":29,"column":5}}},{"type":"method","name":"handleSave","loc":{"start":{"line":31,"column":4},"end":{"line":33,"column":5}}}],"exports":[{"type":"ExportDefaultDeclaration"}]},"updatedAt":"2022-04-29T05:46:05.967Z"},{"_allAttributes":null,"_properties":null,"_methods":null,"file":"c:/Users/Tanya_Jain/.sfdx/b2bpayment/force-app/main/default/lwc/ruleConfiguration/ruleConfiguration.js","metadata":{"decorators":[{"type":"wire","targets":[{"name":"wiredObjectNames","adapter":{"name":"getObjects","reference":"@salesforce/apex/RuleConfiguratonController.getAllObjects"},"type":"method"}]},{"type":"track","targets":[{"name":"columns","type":"property"}]}],"declarationLoc":{"start":{"line":12,"column":0},"end":{"line":72,"column":1}},"classMembers":[{"type":"property","name":"objectSelected","loc":{"start":{"line":13,"column":4},"end":{"line":13,"column":19}}},{"type":"property","name":"objectNameList","loc":{"start":{"line":14,"column":4},"end":{"line":14,"column":24}}},{"type":"property","name":"displayAllRules","loc":{"start":{"line":15,"column":4},"end":{"line":15,"column":28}}},{"type":"property","name":"rules","loc":{"start":{"line":16,"column":4},"end":{"line":16,"column":15}}},{"type":"property","name":"modalPopUpToggleFlag","loc":{"start":{"line":17,"column":4},"end":{"line":17,"column":33}}},{"type":"property","name":"columns","loc":{"start":{"line":19,"column":3},"end":{"line":27,"column":6}},"decorator":"track"},{"type":"method","name":"wiredObjectNames","loc":{"start":{"line":29,"column":4},"end":{"line":40,"column":5}},"decorator":"wire"},{"type":"property","name":"allObjects","loc":{"start":{"line":42,"column":4},"end":{"line":44,"column":5}}},{"type":"method","name":"handleSelectObjectChange","loc":{"start":{"line":46,"column":4},"end":{"line":59,"column":5}}},{"type":"method","name":"handleAddNewRule","loc":{"start":{"line":61,"column":4},"end":{"line":63,"column":5}}},{"type":"method","name":"handleSkip","loc":{"start":{"line":65,"column":4},"end":{"line":67,"column":5}}},{"type":"method","name":"handleCreateNewRule","loc":{"start":{"line":69,"column":4},"end":{"line":71,"column":5}}}],"exports":[{"type":"ExportDefaultDeclaration"}]},"updatedAt":"2022-04-29T05:46:05.920Z"},{"_allAttributes":null,"_properties":null,"_methods":null,"file":"c:/Users/Tanya_Jain/.sfdx/b2bpayment/force-app/main/default/lwc/ruleConfigurationRelatedRecords/ruleConfigurationRelatedRecords.js","metadata":{"decorators":[{"type":"api","targets":[{"name":"relatedRuleExceptions","type":"property","value":{"type":"unresolved"}},{"name":"relatedRuleCriterias","type":"property","value":{"type":"unresolved"}},{"name":"relatedRuleActions","type":"property","value":{"type":"unresolved"}},{"name":"objectSelected","type":"property","value":{"type":"unresolved"}},{"name":"ruleId","type":"property"},{"name":"ruleName","type":"property"}]},{"type":"wire","targets":[{"name":"messageContext","type":"property","static":{},"params":{},"adapter":{"name":"MessageContext","reference":"lightning/messageService"}}]},{"type":"track","targets":[{"name":"finalCriteriaRecords","type":"property"},{"name":"paginatorCriteriaRecords","type":"property"},{"name":"finalActionRecords","type":"property"},{"name":"paginatorActionRecords","type":"property"},{"name":"finalExceptionRecords","type":"property"},{"name":"paginatorExceptionRecords","type":"property"},{"name":"sortBy","type":"property"},{"name":"sortDirection","type":"property"},{"name":"recordsToDisplay","type":"property"},{"name":"rowNumberOffset","type":"property"},{"name":"ruleCriteriacolumns","type":"property"},{"name":"ruleActioncolumns","type":"property"},{"name":"ruleExceptioncolumns","type":"property"}]}],"classMembers":[{"name":"relatedRuleExceptions","type":"property","value":{"type":"unresolved"},"decorator":"api","loc":{"start":{"line":28,"column":2},"end":{"line":29,"column":24}}},{"name":"relatedRuleCriterias","type":"property","value":{"type":"unresolved"},"decorator":"api","loc":{"start":{"line":30,"column":2},"end":{"line":31,"column":23}}},{"name":"relatedRuleActions","type":"property","value":{"type":"unresolved"},"decorator":"api","loc":{"start":{"line":32,"column":2},"end":{"line":33,"column":21}}},{"name":"objectSelected","type":"property","value":{"type":"unresolved"},"decorator":"api","loc":{"start":{"line":34,"column":2},"end":{"line":35,"column":17}}},{"name":"openModal","type":"property","value":{"type":"boolean","value":false},"loc":{"start":{"line":40,"column":2},"end":{"line":40,"column":20}}},{"name":"modalTitle","type":"property","value":{"type":"string","value":""},"loc":{"start":{"line":41,"column":2},"end":{"line":41,"column":18}}},{"name":"selectedActionRowId","type":"property","loc":{"start":{"line":42,"column":2},"end":{"line":42,"column":22}}},{"name":"ruleReadOnlyFieldVal","type":"property","loc":{"start":{"line":43,"column":2},"end":{"line":43,"column":23}}},{"name":"modalTitle","type":"property","loc":{"start":{"line":44,"column":2},"end":{"line":44,"column":13}}},{"name":"objectApiName","type":"property","loc":{"start":{"line":45,"column":2},"end":{"line":45,"column":16}}},{"name":"editableFiledsFromParent","type":"property","loc":{"start":{"line":46,"column":2},"end":{"line":46,"column":27}}},{"name":"readOnlyFieldsFromParent","type":"property","loc":{"start":{"line":47,"column":2},"end":{"line":47,"column":27}}},{"name":"recordSize","type":"property","loc":{"start":{"line":48,"column":2},"end":{"line":48,"column":17}}},{"name":"isConnectedCallback","type":"property","value":{"type":"boolean","value":false},"loc":{"start":{"line":49,"column":2},"end":{"line":49,"column":30}}},{"name":"previousLayoutSize","type":"property","loc":{"start":{"line":50,"column":2},"end":{"line":50,"column":26}}},{"name":"previouSmallLayoutSize","type":"property","loc":{"start":{"line":51,"column":2},"end":{"line":51,"column":29}}},{"name":"previousMediumLayoutSize","type":"property","loc":{"start":{"line":52,"column":2},"end":{"line":52,"column":31}}},{"name":"showRecordPaginator","type":"property","value":{"type":"boolean","value":true},"loc":{"start":{"line":53,"column":2},"end":{"line":53,"column":29}}},{"name":"optionsLayoutSize","type":"property","loc":{"start":{"line":55,"column":2},"end":{"line":55,"column":25}}},{"name":"optionsSmallLayoutSize","type":"property","loc":{"start":{"line":56,"column":2},"end":{"line":56,"column":29}}},{"name":"optionsMediumLayoutSize","type":"property","loc":{"start":{"line":57,"column":2},"end":{"line":57,"column":30}}},{"name":"nextLayoutSize","type":"property","loc":{"start":{"line":59,"column":2},"end":{"line":59,"column":22}}},{"name":"nextSmallLayoutSize","type":"property","loc":{"start":{"line":60,"column":2},"end":{"line":60,"column":26}}},{"name":"nextMediumLayoutSize","type":"property","loc":{"start":{"line":61,"column":2},"end":{"line":61,"column":27}}},{"name":"criteriasAvailable","type":"property","value":{"type":"boolean","value":false},"loc":{"start":{"line":63,"column":2},"end":{"line":63,"column":29}}},{"name":"noCriteriaRecords","type":"property","value":{"type":"boolean","value":false},"loc":{"start":{"line":64,"column":2},"end":{"line":64,"column":28}}},{"name":"actionsAvailable","type":"property","value":{"type":"boolean","value":false},"loc":{"start":{"line":65,"column":2},"end":{"line":65,"column":27}}},{"name":"noActionRecords","type":"property","value":{"type":"boolean","value":false},"loc":{"start":{"line":66,"column":2},"end":{"line":66,"column":26}}},{"name":"exceptionsAvailable","type":"property","value":{"type":"boolean","value":false},"loc":{"start":{"line":67,"column":2},"end":{"line":67,"column":30}}},{"name":"noExceptionRecords","type":"property","value":{"type":"boolean","value":false},"loc":{"start":{"line":68,"column":2},"end":{"line":68,"column":29}}},{"name":"criteriasToExport","type":"property","loc":{"start":{"line":70,"column":2},"end":{"line":70,"column":25}}},{"name":"actionsToExport","type":"property","loc":{"start":{"line":71,"column":2},"end":{"line":71,"column":23}}},{"name":"exceptionsToExport","type":"property","loc":{"start":{"line":72,"column":2},"end":{"line":72,"column":26}}},{"name":"criteriaEditableFields","type":"property","loc":{"start":{"line":74,"column":2},"end":{"line":74,"column":139}}},{"name":"criteriaReadOnlyFields","type":"property","loc":{"start":{"line":75,"column":2},"end":{"line":75,"column":55}}},{"name":"actionEditableFields","type":"property","loc":{"start":{"line":77,"column":2},"end":{"line":80,"column":43}}},{"name":"actionReadOnlyFields","type":"property","loc":{"start":{"line":81,"column":2},"end":{"line":81,"column":53}}},{"name":"exceptionEditableFields","type":"property","loc":{"start":{"line":83,"column":2},"end":{"line":84,"column":87}}},{"name":"exceptionReadOnlyFields","type":"property","loc":{"start":{"line":85,"column":2},"end":{"line":85,"column":56}}},{"name":"finalCriteriaRecords","type":"property","decorator":"track","loc":{"start":{"line":87,"column":2},"end":{"line":87,"column":30}}},{"name":"paginatorCriteriaRecords","type":"property","decorator":"track","loc":{"start":{"line":88,"column":2},"end":{"line":88,"column":34}}},{"name":"finalActionRecords","type":"property","decorator":"track","loc":{"start":{"line":89,"column":2},"end":{"line":89,"column":28}}},{"name":"paginatorActionRecords","type":"property","decorator":"track","loc":{"start":{"line":90,"column":2},"end":{"line":90,"column":32}}},{"name":"finalExceptionRecords","type":"property","decorator":"track","loc":{"start":{"line":91,"column":2},"end":{"line":91,"column":31}}},{"name":"paginatorExceptionRecords","type":"property","decorator":"track","loc":{"start":{"line":92,"column":2},"end":{"line":92,"column":35}}},{"name":"sortBy","type":"property","decorator":"track","loc":{"start":{"line":93,"column":2},"end":{"line":93,"column":48}}},{"name":"sortDirection","type":"property","decorator":"track","loc":{"start":{"line":94,"column":2},"end":{"line":94,"column":32}}},{"name":"recordsToDisplay","type":"property","decorator":"track","loc":{"start":{"line":95,"column":2},"end":{"line":95,"column":31}}},{"name":"rowNumberOffset","type":"property","decorator":"track","loc":{"start":{"line":96,"column":2},"end":{"line":96,"column":25}}},{"name":"ruleCriteriacolumns","type":"property","decorator":"track","loc":{"start":{"line":99,"column":2},"end":{"line":118,"column":4}}},{"name":"ruleActioncolumns","type":"property","decorator":"track","loc":{"start":{"line":119,"column":2},"end":{"line":129,"column":4}}},{"name":"ruleExceptioncolumns","type":"property","decorator":"track","loc":{"start":{"line":131,"column":2},"end":{"line":148,"column":4}}},{"name":"showRuleExceptions","type":"property","loc":{"start":{"line":150,"column":2},"end":{"line":152,"column":3}}},{"name":"showRuleCriteria","type":"property","loc":{"start":{"line":153,"column":2},"end":{"line":155,"column":3}}},{"name":"showRuleActions","type":"property","loc":{"start":{"line":156,"column":2},"end":{"line":158,"column":3}}},{"name":"ruleId","type":"property","decorator":"api","loc":{"start":{"line":160,"column":2},"end":{"line":163,"column":3}}},{"name":"ruleName","type":"property","decorator":"api","loc":{"start":{"line":181,"column":2},"end":{"line":184,"column":3}}},{"name":"fetchRelatedRecords","type":"method","loc":{"start":{"line":190,"column":2},"end":{"line":224,"column":3}}},{"name":"handlePaginatorChange","type":"method","loc":{"start":{"line":230,"column":2},"end":{"line":239,"column":3}}},{"name":"fetchRuleCriterias","type":"method","loc":{"start":{"line":241,"column":2},"end":{"line":257,"column":3}}},{"name":"fetchRuleActions","type":"method","loc":{"start":{"line":259,"column":2},"end":{"line":275,"column":3}}},{"name":"fetchRuleExceptions","type":"method","loc":{"start":{"line":277,"column":2},"end":{"line":293,"column":3}}},{"name":"handleNew","type":"method","loc":{"start":{"line":295,"column":2},"end":{"line":331,"column":3}}},{"name":"handleEdit","type":"method","loc":{"start":{"line":333,"column":2},"end":{"line":369,"column":3}}},{"name":"toggleRoleModal","type":"method","loc":{"start":{"line":371,"column":2},"end":{"line":380,"column":3}}},{"name":"handleRuleCreateEditSuccess","type":"method","loc":{"start":{"line":382,"column":2},"end":{"line":442,"column":3}}},{"name":"updateHandler1","type":"method","loc":{"start":{"line":444,"column":2},"end":{"line":448,"column":3}}},{"name":"updateHandler2","type":"method","loc":{"start":{"line":449,"column":2},"end":{"line":452,"column":3}}},{"name":"updateHandler3","type":"method","loc":{"start":{"line":453,"column":2},"end":{"line":456,"column":3}}},{"name":"doColumnSorting","type":"method","loc":{"start":{"line":458,"column":2},"end":{"line":466,"column":3}}},{"name":"doColumnSorting2","type":"method","loc":{"start":{"line":468,"column":2},"end":{"line":475,"column":3}}},{"name":"sortData","type":"method","loc":{"start":{"line":477,"column":2},"end":{"line":493,"column":3}}},{"name":"renderedCallback","type":"method","loc":{"start":{"line":496,"column":2},"end":{"line":505,"column":3}}},{"name":"generatePdf","type":"method","loc":{"start":{"line":508,"column":2},"end":{"line":644,"column":3}}},{"name":"generateData","type":"method","loc":{"start":{"line":648,"column":2},"end":{"line":668,"column":3}}},{"name":"subscription","type":"property","value":{"type":"null","value":null},"loc":{"start":{"line":670,"column":2},"end":{"line":670,"column":22}}},{"name":"messageContext","type":"property","decorator":"wire","loc":{"start":{"line":671,"column":2},"end":{"line":672,"column":17}}},{"name":"connectedCallback","type":"method","loc":{"start":{"line":673,"column":2},"end":{"line":683,"column":3}}},{"name":"disconnectedCallback","type":"method","loc":{"start":{"line":685,"column":2},"end":{"line":688,"column":3}}}],"declarationLoc":{"start":{"line":26,"column":0},"end":{"line":691,"column":1}},"doc":"","exports":[{"type":"ExportDefaultDeclaration"}]},"updatedAt":"2022-06-01T11:45:12.117Z"},{"_allAttributes":null,"_properties":null,"_methods":null,"file":"c:/Users/Tanya_Jain/.sfdx/b2bpayment/force-app/main/default/lwc/ruleEngine_Paginator/ruleEngine_Paginator.js","metadata":{"decorators":[{"type":"api","targets":[{"type":"property","name":"showPagination","value":{"type":"unresolved"}},{"type":"property","name":"pageSizeOptions","value":{"type":"unresolved"}},{"type":"property","name":"totalRecords","value":{"type":"unresolved"}},{"type":"property","name":"records","value":{"type":"unresolved"}}]},{"type":"track","targets":[{"name":"pageSize","type":"property"},{"name":"totalPages","type":"property"},{"name":"pageNumber","type":"property"},{"name":"searchKey","type":"property"},{"name":"controlPagination","type":"property"},{"name":"controlPrevious","type":"property"},{"name":"controlNext","type":"property"}]}],"declarationLoc":{"start":{"line":8,"column":0},"end":{"line":113,"column":1}},"classMembers":[{"type":"property","name":"showPagination","loc":{"start":{"line":10,"column":4},"end":{"line":10,"column":24}},"decorator":"api","value":{"type":"unresolved"}},{"type":"property","name":"pageSizeOptions","loc":{"start":{"line":11,"column":4},"end":{"line":11,"column":42}},"decorator":"api","value":{"type":"unresolved"}},{"type":"property","name":"totalRecords","loc":{"start":{"line":12,"column":4},"end":{"line":12,"column":22}},"decorator":"api","value":{"type":"unresolved"}},{"type":"property","name":"records","loc":{"start":{"line":13,"column":4},"end":{"line":13,"column":17}},"decorator":"api","value":{"type":"unresolved"}},{"type":"property","name":"pageSize","loc":{"start":{"line":14,"column":4},"end":{"line":14,"column":20}},"decorator":"track"},{"type":"property","name":"totalPages","loc":{"start":{"line":15,"column":4},"end":{"line":15,"column":22}},"decorator":"track"},{"type":"property","name":"pageNumber","loc":{"start":{"line":16,"column":4},"end":{"line":16,"column":35}},"decorator":"track"},{"type":"property","name":"searchKey","loc":{"start":{"line":17,"column":4},"end":{"line":17,"column":21}},"decorator":"track"},{"type":"property","name":"controlPagination","loc":{"start":{"line":18,"column":4},"end":{"line":18,"column":38}},"decorator":"track"},{"type":"property","name":"controlPrevious","loc":{"start":{"line":19,"column":4},"end":{"line":19,"column":36}},"decorator":"track"},{"type":"property","name":"controlNext","loc":{"start":{"line":20,"column":4},"end":{"line":20,"column":32}},"decorator":"track"},{"type":"property","name":"recordsToDisplay","loc":{"start":{"line":21,"column":4},"end":{"line":21,"column":26}}},{"type":"method","name":"connectedCallback","loc":{"start":{"line":24,"column":4},"end":{"line":33,"column":5}}},{"type":"method","name":"handleRecordsPerPage","loc":{"start":{"line":35,"column":4},"end":{"line":38,"column":5}}},{"type":"method","name":"handlePageNumberChange","loc":{"start":{"line":39,"column":4},"end":{"line":45,"column":5}}},{"type":"method","name":"previousPage","loc":{"start":{"line":46,"column":4},"end":{"line":49,"column":5}}},{"type":"method","name":"nextPage","loc":{"start":{"line":50,"column":4},"end":{"line":53,"column":5}}},{"type":"method","name":"setRecordsToDisplay","loc":{"start":{"line":54,"column":4},"end":{"line":68,"column":5}}},{"type":"method","name":"setPaginationControls","loc":{"start":{"line":69,"column":4},"end":{"line":91,"column":5}}},{"type":"method","name":"handleKeyChange","loc":{"start":{"line":92,"column":4},"end":{"line":112,"column":5}}}],"exports":[{"type":"ExportDefaultDeclaration"}]},"updatedAt":"2022-04-29T05:46:06.011Z"},{"_allAttributes":null,"_properties":null,"_methods":null,"file":"c:/Users/Tanya_Jain/.sfdx/b2bpayment/force-app/main/default/lwc/ruleForm/ruleForm.js","metadata":{"decorators":[{"type":"api","targets":[{"type":"property","name":"recordId","value":{"type":"unresolved"}},{"type":"property","name":"objectDeveloperName","value":{"type":"string","value":"EPAMRuleEngine__Rule__c"}},{"type":"property","name":"editableFields","value":{"type":"unresolved"}},{"type":"property","name":"readOnlyFields","value":{"type":"unresolved"}},{"type":"property","name":"readOnlyFieldsVal"}]}],"declarationLoc":{"start":{"line":6,"column":0},"end":{"line":65,"column":1}},"classMembers":[{"type":"property","name":"recordId","loc":{"start":{"line":7,"column":4},"end":{"line":7,"column":18}},"decorator":"api","value":{"type":"unresolved"}},{"type":"property","name":"objectDeveloperName","loc":{"start":{"line":8,"column":4},"end":{"line":8,"column":57}},"decorator":"api","value":{"type":"string","value":"EPAMRuleEngine__Rule__c"}},{"type":"property","name":"editableFields","loc":{"start":{"line":9,"column":4},"end":{"line":9,"column":42}},"decorator":"api","value":{"type":"unresolved"}},{"type":"property","name":"readOnlyFields","loc":{"start":{"line":10,"column":4},"end":{"line":10,"column":43}},"decorator":"api","value":{"type":"unresolved"}},{"type":"property","name":"readOnlyFieldsWrap","loc":{"start":{"line":12,"column":4},"end":{"line":12,"column":23}}},{"type":"property","name":"showSpinner","loc":{"start":{"line":13,"column":4},"end":{"line":13,"column":21}}},{"type":"method","name":"handleLoad","loc":{"start":{"line":16,"column":4},"end":{"line":18,"column":5}}},{"type":"method","name":"handleError","loc":{"start":{"line":20,"column":4},"end":{"line":23,"column":5}}},{"type":"property","name":"readOnlyFieldsVal","loc":{"start":{"line":24,"column":4},"end":{"line":27,"column":5}},"decorator":"api"},{"type":"method","name":"handleSuccess","loc":{"start":{"line":38,"column":4},"end":{"line":46,"column":5}}},{"type":"method","name":"handleSave","loc":{"start":{"line":47,"column":4},"end":{"line":57,"column":5}}},{"type":"method","name":"handleCancel","loc":{"start":{"line":58,"column":4},"end":{"line":63,"column":5}}}],"exports":[{"type":"ExportDefaultDeclaration"}]},"updatedAt":"2022-04-29T05:46:05.940Z"},{"_allAttributes":null,"_properties":null,"_methods":null,"file":"c:/Users/Tanya_Jain/.sfdx/b2bpayment/force-app/main/default/lwc/ruleListComponent/ruleListComponent.js","metadata":{"decorators":[],"declarationLoc":{"start":{"line":3,"column":0},"end":{"line":3,"column":66}},"classMembers":[],"exports":[{"type":"ExportDefaultDeclaration"}]},"updatedAt":"2022-04-29T05:46:05.936Z"},{"_allAttributes":null,"_properties":null,"_methods":null,"file":"c:/Users/Tanya_Jain/.sfdx/b2bpayment/force-app/main/default/lwc/ruleRuleException/ruleRuleException.js","metadata":{"decorators":[{"type":"api","targets":[{"type":"property","name":"ruleId","value":{"type":"unresolved"}}]},{"type":"wire","targets":[{"name":"wiredRuleExceptions","adapter":{"name":"getRuleExceptions","reference":"@salesforce/apex/RuleConfiguratonController.getRuleExceptions"},"type":"method","static":{},"params":{"ruleId":"ruleId"}}]},{"type":"track","targets":[{"name":"ruleExceptions","type":"property"},{"name":"error","type":"property"}]}],"declarationLoc":{"start":{"line":22,"column":0},"end":{"line":41,"column":1}},"classMembers":[{"type":"property","name":"ruleId","loc":{"start":{"line":23,"column":0},"end":{"line":23,"column":12}},"decorator":"api","value":{"type":"unresolved"}},{"type":"property","name":"ruleExceptions","loc":{"start":{"line":24,"column":0},"end":{"line":24,"column":25}},"decorator":"track"},{"type":"property","name":"error","loc":{"start":{"line":25,"column":0},"end":{"line":25,"column":13}},"decorator":"track"},{"type":"method","name":"wiredRuleExceptions","loc":{"start":{"line":26,"column":0},"end":{"line":35,"column":1}},"decorator":"wire"},{"type":"method","name":"handleRuleExceptionRowAction","loc":{"start":{"line":36,"column":0},"end":{"line":38,"column":1}}}],"exports":[{"type":"ExportDefaultDeclaration"}]},"updatedAt":"2022-04-29T05:46:05.987Z"},{"_allAttributes":null,"_properties":null,"_methods":null,"file":"c:/Users/Tanya_Jain/.sfdx/b2bpayment/force-app/main/default/lwc/ruleSearchableCombobox/ruleSearchableCombobox.js","metadata":{"decorators":[{"type":"api","targets":[{"type":"property","name":"options","value":{"type":"unresolved"}},{"type":"property","name":"selectedValue","value":{"type":"unresolved"}},{"type":"property","name":"selectedValues","value":{"type":"array","value":[]}},{"type":"property","name":"label","value":{"type":"unresolved"}},{"type":"property","name":"minChar","value":{"type":"number","value":2}},{"type":"property","name":"disabled","value":{"type":"boolean","value":false}},{"type":"property","name":"multiSelect","value":{"type":"boolean","value":false}}]},{"type":"track","targets":[{"name":"value","type":"property"},{"name":"values","type":"property"},{"name":"optionData","type":"property"},{"name":"searchString","type":"property"},{"name":"message","type":"property"},{"name":"showDropdown","type":"property"}]}],"declarationLoc":{"start":{"line":3,"column":0},"end":{"line":169,"column":1}},"classMembers":[{"type":"property","name":"options","loc":{"start":{"line":5,"column":4},"end":{"line":5,"column":17}},"decorator":"api","value":{"type":"unresolved"}},{"type":"property","name":"selectedValue","loc":{"start":{"line":6,"column":4},"end":{"line":6,"column":23}},"decorator":"api","value":{"type":"unresolved"}},{"type":"property","name":"selectedValues","loc":{"start":{"line":7,"column":4},"end":{"line":7,"column":29}},"decorator":"api","value":{"type":"array","value":[]}},{"type":"property","name":"label","loc":{"start":{"line":8,"column":4},"end":{"line":8,"column":15}},"decorator":"api","value":{"type":"unresolved"}},{"type":"property","name":"minChar","loc":{"start":{"line":9,"column":4},"end":{"line":9,"column":21}},"decorator":"api","value":{"type":"number","value":2}},{"type":"property","name":"disabled","loc":{"start":{"line":10,"column":4},"end":{"line":10,"column":26}},"decorator":"api","value":{"type":"boolean","value":false}},{"type":"property","name":"multiSelect","loc":{"start":{"line":11,"column":4},"end":{"line":11,"column":29}},"decorator":"api","value":{"type":"boolean","value":false}},{"type":"property","name":"value","loc":{"start":{"line":12,"column":4},"end":{"line":12,"column":17}},"decorator":"track"},{"type":"property","name":"values","loc":{"start":{"line":13,"column":4},"end":{"line":13,"column":23}},"decorator":"track"},{"type":"property","name":"optionData","loc":{"start":{"line":14,"column":4},"end":{"line":14,"column":25}},"decorator":"track"},{"type":"property","name":"searchString","loc":{"start":{"line":15,"column":4},"end":{"line":15,"column":24}},"decorator":"track"},{"type":"property","name":"message","loc":{"start":{"line":16,"column":4},"end":{"line":16,"column":19}},"decorator":"track"},{"type":"property","name":"showDropdown","loc":{"start":{"line":17,"column":4},"end":{"line":17,"column":32}},"decorator":"track"},{"type":"method","name":"connectedCallback","loc":{"start":{"line":19,"column":4},"end":{"line":49,"column":5}}},{"type":"method","name":"filterOptions","loc":{"start":{"line":51,"column":4},"end":{"line":73,"column":2}}},{"type":"method","name":"selectItem","loc":{"start":{"line":75,"column":4},"end":{"line":106,"column":5}}},{"type":"method","name":"showOptions","loc":{"start":{"line":108,"column":4},"end":{"line":121,"column":2}}},{"type":"method","name":"removePill","loc":{"start":{"line":123,"column":4},"end":{"line":139,"column":5}}},{"type":"method","name":"blurEvent","loc":{"start":{"line":141,"column":4},"end":{"line":168,"column":5}}}],"exports":[{"type":"ExportDefaultDeclaration"}]},"updatedAt":"2022-04-29T05:46:05.993Z"},{"_allAttributes":null,"_properties":null,"_methods":null,"file":"c:/Users/Tanya_Jain/.sfdx/b2bpayment/force-app/main/default/lwc/paginator_RuleEngine/paginator_RuleEngine.js","metadata":{"decorators":[{"type":"api","targets":[{"type":"property","name":"recordSize","value":{"type":"number","value":5}},{"type":"property","name":"records"}]},{"type":"track","targets":[{"name":"currentPage","type":"property"},{"name":"startingRecord","type":"property"},{"name":"endingRecord","type":"property"},{"name":"totalRecountCount","type":"property"}]}],"declarationLoc":{"start":{"line":3,"column":0},"end":{"line":91,"column":1}},"classMembers":[{"type":"property","name":"currentPage","loc":{"start":{"line":4,"column":4},"end":{"line":4,"column":26}},"decorator":"track"},{"type":"property","name":"totalRecords","loc":{"start":{"line":5,"column":4},"end":{"line":5,"column":17}}},{"type":"property","name":"totalPage","loc":{"start":{"line":6,"column":4},"end":{"line":6,"column":18}}},{"type":"property","name":"startingRecord","loc":{"start":{"line":7,"column":4},"end":{"line":7,"column":30}},"decorator":"track"},{"type":"property","name":"endingRecord","loc":{"start":{"line":8,"column":4},"end":{"line":8,"column":28}},"decorator":"track"},{"type":"property","name":"visibleRecords","loc":{"start":{"line":9,"column":4},"end":{"line":9,"column":19}}},{"type":"property","name":"totalRecountCount","loc":{"start":{"line":10,"column":4},"end":{"line":10,"column":33}},"decorator":"track"},{"type":"property","name":"recordSize","loc":{"start":{"line":12,"column":4},"end":{"line":12,"column":24}},"decorator":"api","value":{"type":"number","value":5}},{"type":"property","name":"records","loc":{"start":{"line":13,"column":4},"end":{"line":16,"column":5}},"decorator":"api"},{"type":"property","name":"disablePrevious","loc":{"start":{"line":35,"column":4},"end":{"line":37,"column":5}}},{"type":"property","name":"disableNext","loc":{"start":{"line":38,"column":4},"end":{"line":40,"column":5}}},{"type":"method","name":"previousHandler","loc":{"start":{"line":42,"column":4},"end":{"line":49,"column":5}}},{"type":"method","name":"nextHandler","loc":{"start":{"line":51,"column":4},"end":{"line":57,"column":5}}},{"type":"method","name":"updateRecords","loc":{"start":{"line":59,"column":4},"end":{"line":71,"column":5}}},{"type":"method","name":"displayRecord","loc":{"start":{"line":73,"column":4},"end":{"line":90,"column":5}}}],"exports":[{"type":"ExportDefaultDeclaration"}]},"updatedAt":"2022-04-27T09:41:27.440Z"},{"_allAttributes":null,"_properties":null,"_methods":null,"file":"c:/Users/Tanya_Jain/.sfdx/b2bpayment/force-app/main/default/lwc/recordPaginator/recordPaginator.js","metadata":{"decorators":[{"type":"api","targets":[{"type":"property","name":"showSearchBox","value":{"type":"boolean","value":false}},{"type":"property","name":"showPagination","value":{"type":"unresolved"}},{"type":"property","name":"pageSizeOptions","value":{"type":"unresolved"}},{"type":"property","name":"totalRecords","value":{"type":"unresolved"}},{"type":"property","name":"records","value":{"type":"unresolved"}}]},{"type":"wire","targets":[{"name":"messageContext","adapter":{"name":"MessageContext","reference":"lightning/messageService"},"type":"property"}]},{"type":"track","targets":[{"name":"pageSize","type":"property"},{"name":"totalPages","type":"property"},{"name":"pageNumber","type":"property"},{"name":"searchKey","type":"property"},{"name":"controlPagination","type":"property"},{"name":"controlPrevious","type":"property"},{"name":"controlNext","type":"property"}]}],"declarationLoc":{"start":{"line":10,"column":0},"end":{"line":133,"column":1}},"classMembers":[{"type":"property","name":"showSearchBox","loc":{"start":{"line":11,"column":4},"end":{"line":11,"column":31}},"decorator":"api","value":{"type":"boolean","value":false}},{"type":"property","name":"showPagination","loc":{"start":{"line":12,"column":4},"end":{"line":12,"column":24}},"decorator":"api","value":{"type":"unresolved"}},{"type":"property","name":"pageSizeOptions","loc":{"start":{"line":13,"column":4},"end":{"line":13,"column":42}},"decorator":"api","value":{"type":"unresolved"}},{"type":"property","name":"totalRecords","loc":{"start":{"line":14,"column":4},"end":{"line":14,"column":22}},"decorator":"api","value":{"type":"unresolved"}},{"type":"property","name":"records","loc":{"start":{"line":15,"column":4},"end":{"line":15,"column":17}},"decorator":"api","value":{"type":"unresolved"}},{"type":"property","name":"pageSize","loc":{"start":{"line":16,"column":4},"end":{"line":16,"column":20}},"decorator":"track"},{"type":"property","name":"totalPages","loc":{"start":{"line":17,"column":4},"end":{"line":17,"column":22}},"decorator":"track"},{"type":"property","name":"pageNumber","loc":{"start":{"line":18,"column":4},"end":{"line":18,"column":35}},"decorator":"track"},{"type":"property","name":"searchKey","loc":{"start":{"line":19,"column":4},"end":{"line":19,"column":21}},"decorator":"track"},{"type":"property","name":"controlPagination","loc":{"start":{"line":20,"column":4},"end":{"line":20,"column":38}},"decorator":"track"},{"type":"property","name":"controlPrevious","loc":{"start":{"line":21,"column":4},"end":{"line":21,"column":36}},"decorator":"track"},{"type":"property","name":"controlNext","loc":{"start":{"line":22,"column":4},"end":{"line":22,"column":32}},"decorator":"track"},{"type":"property","name":"recordsToDisplay","loc":{"start":{"line":23,"column":4},"end":{"line":23,"column":26}}},{"type":"method","name":"connectedCallback","loc":{"start":{"line":26,"column":4},"end":{"line":35,"column":5}}},{"type":"method","name":"handleRecordsPerPage","loc":{"start":{"line":37,"column":4},"end":{"line":46,"column":5}}},{"type":"property","name":"messageContext","loc":{"start":{"line":48,"column":4},"end":{"line":48,"column":41}},"decorator":"wire"}],"exports":[{"type":"ExportDefaultDeclaration"}]},"updatedAt":"2022-05-02T12:01:41.748Z"},{"_allAttributes":null,"_properties":null,"_methods":null,"file":"c:/Users/Tanya_Jain/.sfdx/b2bpayment/force-app/main/default/lwc/dragAndDropRElwcComp/dragAndDropRElwcComp.js","metadata":{"decorators":[{"type":"track","targets":[{"name":"ElementList","type":"property"}]}],"declarationLoc":{"start":{"line":3,"column":0},"end":{"line":50,"column":1}},"classMembers":[{"type":"property","name":"Data","loc":{"start":{"line":4,"column":4},"end":{"line":4,"column":14}}},{"type":"property","name":"ElementList","loc":{"start":{"line":5,"column":4},"end":{"line":5,"column":159}},"decorator":"track"},{"type":"method","name":"connectedCallback","loc":{"start":{"line":7,"column":4},"end":{"line":12,"column":5}}},{"type":"method","name":"Change","loc":{"start":{"line":14,"column":4},"end":{"line":16,"column":5}}},{"type":"method","name":"DragStart","loc":{"start":{"line":18,"column":5},"end":{"line":20,"column":5}}},{"type":"method","name":"DragOver","loc":{"start":{"line":22,"column":4},"end":{"line":25,"column":5}}},{"type":"method","name":"Drop","loc":{"start":{"line":27,"column":4},"end":{"line":49,"column":9}}}],"exports":[{"type":"ExportDefaultDeclaration"}]},"updatedAt":"2022-04-29T05:46:05.996Z"},{"_allAttributes":null,"_properties":null,"_methods":null,"file":"c:/Users/Tanya_Jain/.sfdx/b2bpayment/force-app/main/default/lwc/exportPdfPOC/exportPdfPOC.js","metadata":{"decorators":[{"type":"api","targets":[{"type":"property","name":"relatedRuleExceptions","value":{"type":"unresolved"}},{"type":"property","name":"relatedRuleCriterias","value":{"type":"unresolved"}},{"type":"property","name":"relatedRuleActions","value":{"type":"unresolved"}},{"type":"property","name":"ruleId"},{"type":"property","name":"ruleName"}]},{"type":"track","targets":[{"name":"finalCriteriaRecords","type":"property"},{"name":"paginatorCriteriaRecords","type":"property"},{"name":"finalActionRecords","type":"property"},{"name":"paginatorActionRecords","type":"property"},{"name":"finalExceptionRecords","type":"property"},{"name":"paginatorExceptionRecords","type":"property"},{"name":"sortBy","type":"property"},{"name":"sortDirection","type":"property"},{"name":"ruleCriteriacolumns","type":"property"},{"name":"ruleActioncolumns","type":"property"},{"name":"ruleExceptioncolumns","type":"property"}]}],"declarationLoc":{"start":{"line":23,"column":0},"end":{"line":733,"column":1}},"classMembers":[{"type":"property","name":"relatedRuleExceptions","loc":{"start":{"line":25,"column":4},"end":{"line":26,"column":26}},"decorator":"api","value":{"type":"unresolved"}},{"type":"property","name":"relatedRuleCriterias","loc":{"start":{"line":27,"column":4},"end":{"line":28,"column":25}},"decorator":"api","value":{"type":"unresolved"}},{"type":"property","name":"relatedRuleActions","loc":{"start":{"line":29,"column":4},"end":{"line":30,"column":23}},"decorator":"api","value":{"type":"unresolved"}},{"type":"property","name":"openModal","loc":{"start":{"line":35,"column":4},"end":{"line":35,"column":22}}},{"type":"property","name":"modalTitle","loc":{"start":{"line":36,"column":4},"end":{"line":36,"column":20}}},{"type":"property","name":"selectedActionRowId","loc":{"start":{"line":37,"column":4},"end":{"line":37,"column":24}}},{"type":"property","name":"ruleReadOnlyFieldVal","loc":{"start":{"line":38,"column":4},"end":{"line":38,"column":25}}},{"type":"property","name":"objectApiName","loc":{"start":{"line":40,"column":4},"end":{"line":40,"column":18}}},{"type":"property","name":"editableFiledsFromParent","loc":{"start":{"line":41,"column":4},"end":{"line":41,"column":29}}},{"type":"property","name":"readOnlyFieldsFromParent","loc":{"start":{"line":42,"column":4},"end":{"line":42,"column":29}}},{"type":"property","name":"recordSize","loc":{"start":{"line":43,"column":4},"end":{"line":43,"column":19}}},{"type":"property","name":"isConnectedCallback","loc":{"start":{"line":44,"column":4},"end":{"line":44,"column":32}}},{"type":"property","name":"previousLayoutSize","loc":{"start":{"line":45,"column":4},"end":{"line":45,"column":28}}},{"type":"property","name":"previouSmallLayoutSize","loc":{"start":{"line":46,"column":4},"end":{"line":46,"column":31}}},{"type":"property","name":"previousMediumLayoutSize","loc":{"start":{"line":47,"column":4},"end":{"line":47,"column":33}}},{"type":"property","name":"optionsLayoutSize","loc":{"start":{"line":49,"column":4},"end":{"line":49,"column":27}}},{"type":"property","name":"optionsSmallLayoutSize","loc":{"start":{"line":50,"column":4},"end":{"line":50,"column":31}}},{"type":"property","name":"optionsMediumLayoutSize","loc":{"start":{"line":51,"column":4},"end":{"line":51,"column":32}}},{"type":"property","name":"nextLayoutSize","loc":{"start":{"line":53,"column":4},"end":{"line":53,"column":24}}},{"type":"property","name":"nextSmallLayoutSize","loc":{"start":{"line":54,"column":4},"end":{"line":54,"column":28}}},{"type":"property","name":"nextMediumLayoutSize","loc":{"start":{"line":55,"column":4},"end":{"line":55,"column":29}}},{"type":"property","name":"criteriasAvailable","loc":{"start":{"line":57,"column":4},"end":{"line":57,"column":31}}},{"type":"property","name":"noCriteriaRecords","loc":{"start":{"line":58,"column":4},"end":{"line":58,"column":30}}},{"type":"property","name":"actionsAvailable","loc":{"start":{"line":59,"column":4},"end":{"line":59,"column":29}}},{"type":"property","name":"noActionRecords","loc":{"start":{"line":60,"column":4},"end":{"line":60,"column":28}}},{"type":"property","name":"exceptionsAvailable","loc":{"start":{"line":61,"column":4},"end":{"line":61,"column":32}}},{"type":"property","name":"noExceptionRecords","loc":{"start":{"line":62,"column":4},"end":{"line":62,"column":31}}},{"type":"property","name":"criteriaEditableFields","loc":{"start":{"line":64,"column":4},"end":{"line":64,"column":141}}},{"type":"property","name":"criteriaReadOnlyFields","loc":{"start":{"line":65,"column":4},"end":{"line":65,"column":57}}},{"type":"property","name":"actionEditableFields","loc":{"start":{"line":67,"column":4},"end":{"line":70,"column":47}}},{"type":"property","name":"actionReadOnlyFields","loc":{"start":{"line":71,"column":4},"end":{"line":71,"column":55}}},{"type":"property","name":"exceptionEditableFields","loc":{"start":{"line":73,"column":4},"end":{"line":74,"column":91}}},{"type":"property","name":"exceptionReadOnlyFields","loc":{"start":{"line":75,"column":4},"end":{"line":75,"column":58}}},{"type":"property","name":"finalCriteriaRecords","loc":{"start":{"line":77,"column":4},"end":{"line":77,"column":32}},"decorator":"track"},{"type":"property","name":"paginatorCriteriaRecords","loc":{"start":{"line":78,"column":4},"end":{"line":78,"column":36}},"decorator":"track"},{"type":"property","name":"finalActionRecords","loc":{"start":{"line":79,"column":4},"end":{"line":79,"column":30}},"decorator":"track"},{"type":"property","name":"paginatorActionRecords","loc":{"start":{"line":80,"column":4},"end":{"line":80,"column":34}},"decorator":"track"},{"type":"property","name":"finalExceptionRecords","loc":{"start":{"line":81,"column":4},"end":{"line":81,"column":33}},"decorator":"track"},{"type":"property","name":"paginatorExceptionRecords","loc":{"start":{"line":82,"column":4},"end":{"line":82,"column":37}},"decorator":"track"},{"type":"property","name":"sortBy","loc":{"start":{"line":83,"column":4},"end":{"line":83,"column":50}},"decorator":"track"},{"type":"property","name":"sortDirection","loc":{"start":{"line":84,"column":4},"end":{"line":84,"column":34}},"decorator":"track"},{"type":"property","name":"ruleCriteriacolumns","loc":{"start":{"line":87,"column":4},"end":{"line":106,"column":6}},"decorator":"track"},{"type":"property","name":"ruleActioncolumns","loc":{"start":{"line":107,"column":4},"end":{"line":117,"column":6}},"decorator":"track"},{"type":"property","name":"ruleExceptioncolumns","loc":{"start":{"line":119,"column":4},"end":{"line":136,"column":6}},"decorator":"track"},{"type":"property","name":"showRuleExceptions","loc":{"start":{"line":138,"column":4},"end":{"line":140,"column":5}}},{"type":"property","name":"showRuleCriteria","loc":{"start":{"line":141,"column":4},"end":{"line":143,"column":5}}},{"type":"property","name":"showRuleActions","loc":{"start":{"line":144,"column":4},"end":{"line":146,"column":5}}},{"type":"property","name":"criteriasToExport","loc":{"start":{"line":149,"column":4},"end":{"line":149,"column":27}}},{"type":"property","name":"actionsToExport","loc":{"start":{"line":150,"column":4},"end":{"line":150,"column":25}}},{"type":"property","name":"exceptionsToExport","loc":{"start":{"line":151,"column":4},"end":{"line":151,"column":28}}},{"type":"method","name":"connectedCallback","loc":{"start":{"line":153,"column":4},"end":{"line":163,"column":5}}},{"type":"property","name":"ruleId","loc":{"start":{"line":165,"column":4},"end":{"line":168,"column":5}},"decorator":"api"},{"type":"property","name":"ruleName","loc":{"start":{"line":186,"column":4},"end":{"line":189,"column":5}},"decorator":"api"},{"type":"method","name":"fetchRelatedRecords","loc":{"start":{"line":195,"column":4},"end":{"line":229,"column":5}}},{"type":"method","name":"fetchRuleCriterias","loc":{"start":{"line":231,"column":4},"end":{"line":247,"column":5}}},{"type":"method","name":"fetchRuleActions","loc":{"start":{"line":249,"column":4},"end":{"line":265,"column":5}}},{"type":"method","name":"fetchRuleExceptions","loc":{"start":{"line":267,"column":4},"end":{"line":283,"column":5}}},{"type":"method","name":"handleNew","loc":{"start":{"line":285,"column":4},"end":{"line":321,"column":5}}},{"type":"method","name":"handleEdit","loc":{"start":{"line":323,"column":4},"end":{"line":359,"column":5}}},{"type":"method","name":"toggleRoleModal","loc":{"start":{"line":361,"column":4},"end":{"line":370,"column":5}}},{"type":"method","name":"handleRuleCreateEditSuccess","loc":{"start":{"line":372,"column":4},"end":{"line":432,"column":5}}},{"type":"method","name":"updateHandler1","loc":{"start":{"line":434,"column":4},"end":{"line":438,"column":5}}},{"type":"method","name":"updateHandler2","loc":{"start":{"line":439,"column":4},"end":{"line":442,"column":5}}},{"type":"method","name":"updateHandler3","loc":{"start":{"line":443,"column":4},"end":{"line":446,"column":5}}},{"type":"method","name":"doColumnSorting","loc":{"start":{"line":448,"column":4},"end":{"line":456,"column":5}}},{"type":"method","name":"doColumnSorting2","loc":{"start":{"line":458,"column":4},"end":{"line":465,"column":5}}},{"type":"method","name":"sortData","loc":{"start":{"line":467,"column":4},"end":{"line":483,"column":5}}},{"type":"property","name":"calculatedHeight","loc":{"start":{"line":486,"column":4},"end":{"line":486,"column":25}}},{"type":"method","name":"renderedCallback","loc":{"start":{"line":487,"column":4},"end":{"line":499,"column":5}}},{"type":"property","name":"headers","loc":{"start":{"line":501,"column":4},"end":{"line":512,"column":7}}},{"type":"property","name":"headers1","loc":{"start":{"line":514,"column":4},"end":{"line":519,"column":7}}},{"type":"property","name":"headers2","loc":{"start":{"line":521,"column":4},"end":{"line":526,"column":7}}},{"type":"property","name":"headers3","loc":{"start":{"line":528,"column":4},"end":{"line":533,"column":7}}},{"type":"method","name":"createHeaders","loc":{"start":{"line":535,"column":4},"end":{"line":556,"column":5}}},{"type":"method","name":"generatePdf","loc":{"start":{"line":558,"column":4},"end":{"line":719,"column":5}}},{"type":"method","name":"generateData","loc":{"start":{"line":723,"column":4},"end":{"line":732,"column":5}}}],"exports":[{"type":"ExportDefaultDeclaration"}]},"updatedAt":"2022-04-29T05:46:05.959Z"},{"_allAttributes":null,"_properties":null,"_methods":null,"file":"c:/Users/Tanya_Jain/.sfdx/b2bpayment/force-app/main/default/lwc/ruleCriteriaFormulaBuilder/ruleCriteriaFormulaBuilder.js","metadata":{"decorators":[{"type":"api","targets":[{"type":"property","name":"objectName","value":{"type":"string","value":"Account"}}]},{"type":"wire","targets":[{"name":"wiredGetAllFields","adapter":{"name":"getAllFields","reference":"@salesforce/apex/RuleConfiguratonController.getAllFieldsForObject"},"type":"method","static":{"objectApiName":{"type":"string","value":"Account"}},"params":{}}]},{"type":"track","targets":[{"name":"lstOptions","type":"property"},{"name":"evaluationCriteria","type":"property"}]}],"declarationLoc":{"start":{"line":4,"column":0},"end":{"line":41,"column":1}},"classMembers":[{"type":"property","name":"objectName","loc":{"start":{"line":5,"column":4},"end":{"line":5,"column":32}},"decorator":"api","value":{"type":"string","value":"Account"}},{"type":"property","name":"lstSelected","loc":{"start":{"line":6,"column":4},"end":{"line":6,"column":21}}},{"type":"property","name":"lstOptions","loc":{"start":{"line":7,"column":4},"end":{"line":7,"column":27}},"decorator":"track"},{"type":"property","name":"evaluationCriteria","loc":{"start":{"line":8,"column":4},"end":{"line":8,"column":30}},"decorator":"track"},{"type":"method","name":"wiredGetAllFields","loc":{"start":{"line":11,"column":4},"end":{"line":32,"column":5}},"decorator":"wire"},{"type":"method","name":"connectedCallback","loc":{"start":{"line":34,"column":4},"end":{"line":36,"column":5}}},{"type":"method","name":"handleChange","loc":{"start":{"line":38,"column":4},"end":{"line":40,"column":5}}}],"exports":[{"type":"ExportDefaultDeclaration"}]},"updatedAt":"2022-04-29T05:46:05.946Z"},{"_allAttributes":null,"_properties":null,"_methods":null,"file":"c:/Users/Tanya_Jain/.sfdx/b2bpayment/force-app/main/default/lwc/ruleEngineTableRowSequencing/ruleEngineTableRowSequencing.js","metadata":{"decorators":[{"type":"track","targets":[{"name":"dragStart","type":"property"},{"name":"ElementList","type":"property"},{"name":"objectSelected","type":"property"}]}],"declarationLoc":{"start":{"line":4,"column":0},"end":{"line":63,"column":1}},"classMembers":[{"type":"property","name":"dragStart","loc":{"start":{"line":5,"column":4},"end":{"line":5,"column":21}},"decorator":"track"},{"type":"property","name":"ElementList","loc":{"start":{"line":6,"column":4},"end":{"line":6,"column":28}},"decorator":"track"},{"type":"property","name":"objectSelected","loc":{"start":{"line":7,"column":4},"end":{"line":7,"column":38}},"decorator":"track"},{"type":"method","name":"connectedCallback","loc":{"start":{"line":9,"column":4},"end":{"line":21,"column":5}}},{"type":"method","name":"Change","loc":{"start":{"line":23,"column":4},"end":{"line":26,"column":5}}},{"type":"method","name":"DragStart","loc":{"start":{"line":28,"column":4},"end":{"line":32,"column":5}}},{"type":"method","name":"DragOver","loc":{"start":{"line":34,"column":4},"end":{"line":37,"column":5}}},{"type":"method","name":"Drop","loc":{"start":{"line":39,"column":4},"end":{"line":62,"column":5}}}],"exports":[{"type":"ExportDefaultDeclaration"}]},"updatedAt":"2022-04-29T05:46:05.950Z"},{"_allAttributes":null,"_properties":null,"_methods":null,"file":"c:/Users/Tanya_Jain/.sfdx/b2bpayment/force-app/main/default/lwc/tableDataSequencingcomp/tableDataSequencingcomp.js","metadata":{"decorators":[{"type":"track","targets":[{"name":"dragStart","type":"property"},{"name":"ElementList","type":"property"},{"name":"objectSelected","type":"property"}]}],"declarationLoc":{"start":{"line":4,"column":0},"end":{"line":63,"column":1}},"classMembers":[{"type":"property","name":"dragStart","loc":{"start":{"line":5,"column":4},"end":{"line":5,"column":21}},"decorator":"track"},{"type":"property","name":"ElementList","loc":{"start":{"line":6,"column":4},"end":{"line":6,"column":28}},"decorator":"track"},{"type":"property","name":"objectSelected","loc":{"start":{"line":7,"column":4},"end":{"line":7,"column":38}},"decorator":"track"},{"type":"method","name":"connectedCallback","loc":{"start":{"line":9,"column":4},"end":{"line":21,"column":5}}},{"type":"method","name":"Change","loc":{"start":{"line":23,"column":4},"end":{"line":26,"column":5}}},{"type":"method","name":"DragStart","loc":{"start":{"line":28,"column":4},"end":{"line":32,"column":5}}},{"type":"method","name":"DragOver","loc":{"start":{"line":34,"column":4},"end":{"line":37,"column":5}}},{"type":"method","name":"Drop","loc":{"start":{"line":39,"column":4},"end":{"line":62,"column":5}}}],"exports":[{"type":"ExportDefaultDeclaration"}]},"updatedAt":"2022-04-29T05:46:05.999Z"},{"_allAttributes":null,"_properties":null,"_methods":null,"file":"c:/Users/Tanya_Jain/.sfdx/b2bpayment/force-app/main/default/lwc/customRuleNameForDatatable/customRuleNameForDatatable.js","metadata":{"decorators":[{"type":"api","targets":[{"type":"property","name":"recordId","value":{"type":"unresolved"}},{"type":"property","name":"customName","value":{"type":"unresolved"}}]}],"declarationLoc":{"start":{"line":3,"column":0},"end":{"line":23,"column":1}},"classMembers":[{"type":"property","name":"recordId","loc":{"start":{"line":6,"column":4},"end":{"line":6,"column":18}},"decorator":"api","value":{"type":"unresolved"}},{"type":"property","name":"customName","loc":{"start":{"line":7,"column":4},"end":{"line":7,"column":20}},"decorator":"api","value":{"type":"unresolved"}},{"type":"method","name":"fireCustomNameClick","loc":{"start":{"line":9,"column":4},"end":{"line":21,"column":5}}}],"exports":[{"type":"ExportDefaultDeclaration"}]},"updatedAt":"2022-04-29T05:46:05.954Z"},{"_allAttributes":null,"_properties":null,"_methods":null,"file":"c:/Users/Tanya_Jain/.sfdx/b2bpayment/force-app/main/default/lwc/newCompDragDropTableSeq/newCompDragDropTableSeq.js","metadata":{"decorators":[{"type":"track","targets":[{"name":"dragStart","type":"property"},{"name":"ElementList","type":"property"},{"name":"objectSelected","type":"property"}]}],"declarationLoc":{"start":{"line":4,"column":0},"end":{"line":63,"column":1}},"classMembers":[{"type":"property","name":"dragStart","loc":{"start":{"line":5,"column":4},"end":{"line":5,"column":21}},"decorator":"track"},{"type":"property","name":"ElementList","loc":{"start":{"line":6,"column":4},"end":{"line":6,"column":28}},"decorator":"track"},{"type":"property","name":"objectSelected","loc":{"start":{"line":7,"column":4},"end":{"line":7,"column":38}},"decorator":"track"},{"type":"method","name":"connectedCallback","loc":{"start":{"line":9,"column":4},"end":{"line":21,"column":5}}},{"type":"method","name":"Change","loc":{"start":{"line":23,"column":4},"end":{"line":26,"column":5}}},{"type":"method","name":"DragStart","loc":{"start":{"line":28,"column":4},"end":{"line":32,"column":5}}},{"type":"method","name":"DragOver","loc":{"start":{"line":34,"column":4},"end":{"line":37,"column":5}}},{"type":"method","name":"Drop","loc":{"start":{"line":39,"column":4},"end":{"line":62,"column":5}}}],"exports":[{"type":"ExportDefaultDeclaration"}]},"updatedAt":"2022-04-29T05:46:05.963Z"}]