{
  "status": 0,
  "result": [
    {
      "createdById": "0057h000003WrpYAAS",
      "createdByName": "Ajinkya Jagadale",
      "createdDate": "2022-02-26T12:12:47.000Z",
      "fileName": "classes/B2BTaxMiStore.cls",
      "fullName": "B2BTaxMiStore",
      "id": "01p7h000001w6l5AAA",
      "lastModifiedById": "0057h000003WrpYAAS",
      "lastModifiedByName": "Ajinkya Jagadale",
      "lastModifiedDate": "2022-04-01T12:47:25.000Z",
      "manageableState": "unmanaged",
      "type": "ApexClass"
    },
    {
      "createdById": "0057h000003WrpYAAS",
      "createdByName": "Ajinkya Jagadale",
      "createdDate": "2022-03-22T11:01:16.000Z",
      "fileName": "classes/PayeezeValidationException.cls",
      "fullName": "PayeezeValidationException",
      "id": "01p7h000001wDH2AAM",
      "lastModifiedById": "0057h000003WrpYAAS",
      "lastModifiedByName": "Ajinkya Jagadale",
      "lastModifiedDate": "2022-04-01T07:30:28.000Z",
      "manageableState": "unmanaged",
      "type": "ApexClass"
    },
    {
      "createdById": "0057h000003WrpYAAS",
      "createdByName": "Ajinkya Jagadale",
      "createdDate": "2022-02-22T06:15:28.000Z",
      "fileName": "classes/B2BInventoryTeaStore.cls",
      "fullName": "B2BInventoryTeaStore",
      "id": "01p7h000001w4qXAAQ",
      "lastModifiedById": "0057h000003WrpYAAS",
      "lastModifiedByName": "Ajinkya Jagadale",
      "lastModifiedDate": "2022-02-22T06:15:28.000Z",
      "manageableState": "unmanaged",
      "type": "ApexClass"
    },
    {
      "createdById": "0057h000003WrpYAAS",
      "createdByName": "Ajinkya Jagadale",
      "createdDate": "2022-03-22T11:01:16.000Z",
      "fileName": "classes/SaleTransactionService.cls",
      "fullName": "SaleTransactionService",
      "id": "01p7h000001wDHAAA2",
      "lastModifiedById": "0057h000003WrpYAAS",
      "lastModifiedByName": "Ajinkya Jagadale",
      "lastModifiedDate": "2022-04-01T07:30:28.000Z",
      "manageableState": "unmanaged",
      "type": "ApexClass"
    },
    {
      "createdById": "0057h000003WrpYAAS",
      "createdByName": "Ajinkya Jagadale",
      "createdDate": "2022-03-30T12:42:09.000Z",
      "fileName": "classes/CreditCardFormController.cls",
      "fullName": "CreditCardFormController",
      "id": "01p7h000001wElhAAE",
      "lastModifiedById": "0057h000003WrpYAAS",
      "lastModifiedByName": "Ajinkya Jagadale",
      "lastModifiedDate": "2022-04-01T07:30:28.000Z",
      "manageableState": "unmanaged",
      "type": "ApexClass"
    },
    {
      "createdById": "0057h000003WrpYAAS",
      "createdByName": "Ajinkya Jagadale",
      "createdDate": "2022-03-22T11:01:16.000Z",
      "fileName": "classes/TokenizeTransactionService.cls",
      "fullName": "TokenizeTransactionService",
      "id": "01p7h000001wDHBAA2",
      "lastModifiedById": "0057h000003WrpYAAS",
      "lastModifiedByName": "Ajinkya Jagadale",
      "lastModifiedDate": "2022-04-01T07:30:28.000Z",
      "manageableState": "unmanaged",
      "type": "ApexClass"
    },
    {
      "createdById": "0057h000003WrpYAAS",
      "createdByName": "Ajinkya Jagadale",
      "createdDate": "2022-02-26T12:13:49.000Z",
      "fileName": "classes/B2BShipmentMiStore.cls",
      "fullName": "B2BShipmentMiStore",
      "id": "01p7h000001w6lAAAQ",
      "lastModifiedById": "0057h000003WrpYAAS",
      "lastModifiedByName": "Ajinkya Jagadale",
      "lastModifiedDate": "2022-02-26T12:13:49.000Z",
      "manageableState": "unmanaged",
      "type": "ApexClass"
    },
    {
      "createdById": "0057h000003WrpYAAS",
      "createdByName": "Ajinkya Jagadale",
      "createdDate": "2022-02-18T05:38:41.000Z",
      "fileName": "classes/ChangePasswordController.cls",
      "fullName": "ChangePasswordController",
      "id": "01p7h000001w3q1AAA",
      "lastModifiedById": "0057h000003WrpYAAS",
      "lastModifiedByName": "Ajinkya Jagadale",
      "lastModifiedDate": "2022-02-18T05:38:41.000Z",
      "manageableState": "unmanaged",
      "type": "ApexClass"
    },
    {
      "createdById": "0057h000003WrpYAAS",
      "createdByName": "Ajinkya Jagadale",
      "createdDate": "2022-03-22T11:01:16.000Z",
      "fileName": "classes/AuthReversalTransactionService.cls",
      "fullName": "AuthReversalTransactionService",
      "id": "01p7h000001wDGyAAM",
      "lastModifiedById": "0057h000003WrpYAAS",
      "lastModifiedByName": "Ajinkya Jagadale",
      "lastModifiedDate": "2022-04-01T07:30:28.000Z",
      "manageableState": "unmanaged",
      "type": "ApexClass"
    },
    {
      "createdById": "0057h000003WrpYAAS",
      "createdByName": "Ajinkya Jagadale",
      "createdDate": "2022-02-18T05:38:46.000Z",
      "fileName": "classes/CommunitiesSelfRegConfirmController.cls",
      "fullName": "CommunitiesSelfRegConfirmController",
      "id": "01p7h000001w3qDAAQ",
      "lastModifiedById": "0057h000003WrpYAAS",
      "lastModifiedByName": "Ajinkya Jagadale",
      "lastModifiedDate": "2022-02-18T05:38:46.000Z",
      "manageableState": "unmanaged",
      "type": "ApexClass"
    },
    {
      "createdById": "0057h000003WrpYAAS",
      "createdByName": "Ajinkya Jagadale",
      "createdDate": "2022-02-18T05:38:48.000Z",
      "fileName": "classes/LightningSelfRegisterControllerTest.cls",
      "fullName": "LightningSelfRegisterControllerTest",
      "id": "01p7h000001w3qMAAQ",
      "lastModifiedById": "0057h000003WrpYAAS",
      "lastModifiedByName": "Ajinkya Jagadale",
      "lastModifiedDate": "2022-02-18T05:38:48.000Z",
      "manageableState": "unmanaged",
      "type": "ApexClass"
    },
    {
      "createdById": "0057h000003WrpYAAS",
      "createdByName": "Ajinkya Jagadale",
      "createdDate": "2022-02-18T05:38:46.000Z",
      "fileName": "classes/MicrobatchSelfRegController.cls",
      "fullName": "MicrobatchSelfRegController",
      "id": "01p7h000001w3qFAAQ",
      "lastModifiedById": "0057h000003WrpYAAS",
      "lastModifiedByName": "Ajinkya Jagadale",
      "lastModifiedDate": "2022-02-18T05:38:46.000Z",
      "manageableState": "unmanaged",
      "type": "ApexClass"
    },
    {
      "createdById": "0057h000003WrpYAAS",
      "createdByName": "Ajinkya Jagadale",
      "createdDate": "2022-02-18T05:38:41.000Z",
      "fileName": "classes/MyProfilePageController.cls",
      "fullName": "MyProfilePageController",
      "id": "01p7h000001w3q5AAA",
      "lastModifiedById": "0057h000003WrpYAAS",
      "lastModifiedByName": "Ajinkya Jagadale",
      "lastModifiedDate": "2022-02-18T05:38:41.000Z",
      "manageableState": "unmanaged",
      "type": "ApexClass"
    },
    {
      "createdById": "0057h000003WrpYAAS",
      "createdByName": "Ajinkya Jagadale",
      "createdDate": "2022-03-22T11:01:16.000Z",
      "fileName": "classes/TransactionServiceAdapter.cls",
      "fullName": "TransactionServiceAdapter",
      "id": "01p7h000001wDHCAA2",
      "lastModifiedById": "0057h000003WrpYAAS",
      "lastModifiedByName": "Ajinkya Jagadale",
      "lastModifiedDate": "2022-04-01T07:30:28.000Z",
      "manageableState": "unmanaged",
      "type": "ApexClass"
    },
    {
      "createdById": "0057h000003WrpYAAS",
      "createdByName": "Ajinkya Jagadale",
      "createdDate": "2022-02-18T05:38:41.000Z",
      "fileName": "classes/MyProfilePageControllerTest.cls",
      "fullName": "MyProfilePageControllerTest",
      "id": "01p7h000001w3q6AAA",
      "lastModifiedById": "0057h000003WrpYAAS",
      "lastModifiedByName": "Ajinkya Jagadale",
      "lastModifiedDate": "2022-02-18T05:38:41.000Z",
      "manageableState": "unmanaged",
      "type": "ApexClass"
    },
    {
      "createdById": "0057h000003WrpYAAS",
      "createdByName": "Ajinkya Jagadale",
      "createdDate": "2022-03-24T05:30:45.000Z",
      "fileName": "classes/QueryUtils.cls",
      "fullName": "QueryUtils",
      "id": "01p7h000001wDfEAAU",
      "lastModifiedById": "0057h000003WrpYAAS",
      "lastModifiedByName": "Ajinkya Jagadale",
      "lastModifiedDate": "2022-04-01T07:30:28.000Z",
      "manageableState": "unmanaged",
      "type": "ApexClass"
    },
    {
      "createdById": "0057h000003WrpYAAS",
      "createdByName": "Ajinkya Jagadale",
      "createdDate": "2022-02-18T05:38:48.000Z",
      "fileName": "classes/LightningLoginFormControllerTest.cls",
      "fullName": "LightningLoginFormControllerTest",
      "id": "01p7h000001w3qKAAQ",
      "lastModifiedById": "0057h000003WrpYAAS",
      "lastModifiedByName": "Ajinkya Jagadale",
      "lastModifiedDate": "2022-02-18T05:38:48.000Z",
      "manageableState": "unmanaged",
      "type": "ApexClass"
    },
    {
      "createdById": "0057h000003WrpYAAS",
      "createdByName": "Ajinkya Jagadale",
      "createdDate": "2022-03-17T13:06:32.000Z",
      "fileName": "classes/B2BGetBuyerUserLanguageAction.cls",
      "fullName": "B2BGetBuyerUserLanguageAction",
      "id": "01p7h000001wBBgAAM",
      "lastModifiedById": "0057h000003WrpYAAS",
      "lastModifiedByName": "Ajinkya Jagadale",
      "lastModifiedDate": "2022-03-17T13:06:32.000Z",
      "manageableState": "unmanaged",
      "type": "ApexClass"
    },
    {
      "createdById": "0057h000003WrpYAAS",
      "createdByName": "Ajinkya Jagadale",
      "createdDate": "2022-04-06T10:31:11.000Z",
      "fileName": "classes/CancelOrder.cls",
      "fullName": "CancelOrder",
      "id": "01p7h000001wGEQAA2",
      "lastModifiedById": "0057h000003WrpYAAS",
      "lastModifiedByName": "Ajinkya Jagadale",
      "lastModifiedDate": "2022-04-06T10:31:11.000Z",
      "manageableState": "unmanaged",
      "type": "ApexClass"
    },
    {
      "createdById": "0057h000003WrpYAAS",
      "createdByName": "Ajinkya Jagadale",
      "createdDate": "2022-03-24T09:53:33.000Z",
      "fileName": "classes/B2BSoapToolKitAPI.cls",
      "fullName": "B2BSoapToolKitAPI",
      "id": "01p7h000001wDhPAAU",
      "lastModifiedById": "0057h000003WrpYAAS",
      "lastModifiedByName": "Ajinkya Jagadale",
      "lastModifiedDate": "2022-04-01T07:30:28.000Z",
      "manageableState": "unmanaged",
      "type": "ApexClass"
    },
    {
      "createdById": "0057h000003WrpYAAS",
      "createdByName": "Ajinkya Jagadale",
      "createdDate": "2022-03-22T11:01:16.000Z",
      "fileName": "classes/PayeezyGatewayAdapterTest.cls",
      "fullName": "PayeezyGatewayAdapterTest",
      "id": "01p7h000001wDH4AAM",
      "lastModifiedById": "0057h000003WrpYAAS",
      "lastModifiedByName": "Ajinkya Jagadale",
      "lastModifiedDate": "2022-04-01T07:30:28.000Z",
      "manageableState": "unmanaged",
      "type": "ApexClass"
    },
    {
      "createdById": "0057h000003WrpYAAS",
      "createdByName": "Ajinkya Jagadale",
      "createdDate": "2022-02-18T05:38:48.000Z",
      "fileName": "classes/LightningForgotPasswordControllerTest.cls",
      "fullName": "LightningForgotPasswordControllerTest",
      "id": "01p7h000001w3qLAAQ",
      "lastModifiedById": "0057h000003WrpYAAS",
      "lastModifiedByName": "Ajinkya Jagadale",
      "lastModifiedDate": "2022-02-18T05:38:48.000Z",
      "manageableState": "unmanaged",
      "type": "ApexClass"
    },
    {
      "createdById": "0057h000003WrpYAAS",
      "createdByName": "Ajinkya Jagadale",
      "createdDate": "2022-02-18T05:38:41.000Z",
      "fileName": "classes/ForgotPasswordController.cls",
      "fullName": "ForgotPasswordController",
      "id": "01p7h000001w3q3AAA",
      "lastModifiedById": "0057h000003WrpYAAS",
      "lastModifiedByName": "Ajinkya Jagadale",
      "lastModifiedDate": "2022-02-18T05:38:41.000Z",
      "manageableState": "unmanaged",
      "type": "ApexClass"
    },
    {
      "createdById": "0057h000003WrpYAAS",
      "createdByName": "Ajinkya Jagadale",
      "createdDate": "2022-02-18T05:38:46.000Z",
      "fileName": "classes/CommunitiesSelfRegController.cls",
      "fullName": "CommunitiesSelfRegController",
      "id": "01p7h000001w3qBAAQ",
      "lastModifiedById": "0057h000003WrpYAAS",
      "lastModifiedByName": "Ajinkya Jagadale",
      "lastModifiedDate": "2022-02-18T05:38:46.000Z",
      "manageableState": "unmanaged",
      "type": "ApexClass"
    },
    {
      "createdById": "0057h000003WrpYAAS",
      "createdByName": "Ajinkya Jagadale",
      "createdDate": "2022-02-18T05:38:41.000Z",
      "fileName": "classes/SiteLoginControllerTest.cls",
      "fullName": "SiteLoginControllerTest",
      "id": "01p7h000001w3pyAAA",
      "lastModifiedById": "0057h000003WrpYAAS",
      "lastModifiedByName": "Ajinkya Jagadale",
      "lastModifiedDate": "2022-02-18T05:38:41.000Z",
      "manageableState": "unmanaged",
      "type": "ApexClass"
    },
    {
      "createdById": "0057h000003WrpYAAS",
      "createdByName": "Ajinkya Jagadale",
      "createdDate": "2022-03-24T05:30:45.000Z",
      "fileName": "classes/StripeValidationException.cls",
      "fullName": "StripeValidationException",
      "id": "01p7h000001wDfGAAU",
      "lastModifiedById": "0057h000003WrpYAAS",
      "lastModifiedByName": "Ajinkya Jagadale",
      "lastModifiedDate": "2022-04-01T07:30:28.000Z",
      "manageableState": "unmanaged",
      "type": "ApexClass"
    },
    {
      "createdById": "0057h000003WrpYAAS",
      "createdByName": "Ajinkya Jagadale",
      "createdDate": "2022-02-18T05:38:46.000Z",
      "fileName": "classes/CommunitiesSelfRegConfirmControllerTest.cls",
      "fullName": "CommunitiesSelfRegConfirmControllerTest",
      "id": "01p7h000001w3qEAAQ",
      "lastModifiedById": "0057h000003WrpYAAS",
      "lastModifiedByName": "Ajinkya Jagadale",
      "lastModifiedDate": "2022-02-18T05:38:46.000Z",
      "manageableState": "unmanaged",
      "type": "ApexClass"
    },
    {
      "createdById": "0057h000003WrpYAAS",
      "createdByName": "Ajinkya Jagadale",
      "createdDate": "2022-03-30T12:48:07.000Z",
      "fileName": "classes/SalesforceValidationException.cls",
      "fullName": "SalesforceValidationException",
      "id": "01p7h000001wElsAAE",
      "lastModifiedById": "0057h000003WrpYAAS",
      "lastModifiedByName": "Ajinkya Jagadale",
      "lastModifiedDate": "2022-04-01T07:30:28.000Z",
      "manageableState": "unmanaged",
      "type": "ApexClass"
    },
    {
      "createdById": "0057h000003WrpYAAS",
      "createdByName": "Ajinkya Jagadale",
      "createdDate": "2022-03-22T11:01:16.000Z",
      "fileName": "classes/ReferencedRefundTransactionService.cls",
      "fullName": "ReferencedRefundTransactionService",
      "id": "01p7h000001wDH9AAM",
      "lastModifiedById": "0057h000003WrpYAAS",
      "lastModifiedByName": "Ajinkya Jagadale",
      "lastModifiedDate": "2022-04-01T07:30:28.000Z",
      "manageableState": "unmanaged",
      "type": "ApexClass"
    },
    {
      "createdById": "0057h000003WrpYAAS",
      "createdByName": "Ajinkya Jagadale",
      "createdDate": "2022-02-18T05:38:48.000Z",
      "fileName": "classes/LightningLoginFormController.cls",
      "fullName": "LightningLoginFormController",
      "id": "01p7h000001w3qJAAQ",
      "lastModifiedById": "0057h000003WrpYAAS",
      "lastModifiedByName": "Ajinkya Jagadale",
      "lastModifiedDate": "2022-02-18T05:38:48.000Z",
      "manageableState": "unmanaged",
      "type": "ApexClass"
    },
    {
      "createdById": "0057h000003WrpYAAS",
      "createdByName": "Ajinkya Jagadale",
      "createdDate": "2022-03-22T11:01:16.000Z",
      "fileName": "classes/AuthorizationTransactionService.cls",
      "fullName": "AuthorizationTransactionService",
      "id": "01p7h000001wDGzAAM",
      "lastModifiedById": "0057h000003WrpYAAS",
      "lastModifiedByName": "Ajinkya Jagadale",
      "lastModifiedDate": "2022-04-01T07:30:28.000Z",
      "manageableState": "unmanaged",
      "type": "ApexClass"
    },
    {
      "createdById": "0057h000003WrpYAAS",
      "createdByName": "Ajinkya Jagadale",
      "createdDate": "2022-03-22T11:01:16.000Z",
      "fileName": "classes/CaptureTransactionService.cls",
      "fullName": "CaptureTransactionService",
      "id": "01p7h000001wDH0AAM",
      "lastModifiedById": "0057h000003WrpYAAS",
      "lastModifiedByName": "Ajinkya Jagadale",
      "lastModifiedDate": "2022-04-01T07:30:28.000Z",
      "manageableState": "unmanaged",
      "type": "ApexClass"
    },
    {
      "createdById": "0057h000003WrpYAAS",
      "createdByName": "Ajinkya Jagadale",
      "createdDate": "2022-03-24T05:30:45.000Z",
      "fileName": "classes/StripeAdapter.cls",
      "fullName": "StripeAdapter",
      "id": "01p7h000001wDfFAAU",
      "lastModifiedById": "0057h000003WrpYAAS",
      "lastModifiedByName": "Ajinkya Jagadale",
      "lastModifiedDate": "2022-04-01T07:30:28.000Z",
      "manageableState": "unmanaged",
      "type": "ApexClass"
    },
    {
      "createdById": "0057h000003WrpYAAS",
      "createdByName": "Ajinkya Jagadale",
      "createdDate": "2022-03-22T11:01:16.000Z",
      "fileName": "classes/PaymentCalloutResponseParseFailureMock.cls",
      "fullName": "PaymentCalloutResponseParseFailureMock",
      "id": "01p7h000001wDH8AAM",
      "lastModifiedById": "0057h000003WrpYAAS",
      "lastModifiedByName": "Ajinkya Jagadale",
      "lastModifiedDate": "2022-04-01T07:30:28.000Z",
      "manageableState": "unmanaged",
      "type": "ApexClass"
    },
    {
      "createdById": "0057h000003WrpYAAS",
      "createdByName": "Ajinkya Jagadale",
      "createdDate": "2022-02-18T05:38:46.000Z",
      "fileName": "classes/CommunitiesSelfRegControllerTest.cls",
      "fullName": "CommunitiesSelfRegControllerTest",
      "id": "01p7h000001w3qCAAQ",
      "lastModifiedById": "0057h000003WrpYAAS",
      "lastModifiedByName": "Ajinkya Jagadale",
      "lastModifiedDate": "2022-02-18T05:38:46.000Z",
      "manageableState": "unmanaged",
      "type": "ApexClass"
    },
    {
      "createdById": "0057h000003WrpYAAS",
      "createdByName": "Ajinkya Jagadale",
      "createdDate": "2022-02-22T06:15:02.000Z",
      "fileName": "classes/B2BPriceTeaStore.cls",
      "fullName": "B2BPriceTeaStore",
      "id": "01p7h000001w4qSAAQ",
      "lastModifiedById": "0057h000003WrpYAAS",
      "lastModifiedByName": "Ajinkya Jagadale",
      "lastModifiedDate": "2022-02-22T06:15:02.000Z",
      "manageableState": "unmanaged",
      "type": "ApexClass"
    },
    {
      "createdById": "0057h000003WrpYAAS",
      "createdByName": "Ajinkya Jagadale",
      "createdDate": "2022-02-22T06:14:14.000Z",
      "fileName": "classes/B2BTaxTeaStore.cls",
      "fullName": "B2BTaxTeaStore",
      "id": "01p7h000001w4qIAAQ",
      "lastModifiedById": "0057h000003WrpYAAS",
      "lastModifiedByName": "Ajinkya Jagadale",
      "lastModifiedDate": "2022-02-22T06:14:14.000Z",
      "manageableState": "unmanaged",
      "type": "ApexClass"
    },
    {
      "createdById": "0057h000003WrpYAAS",
      "createdByName": "Ajinkya Jagadale",
      "createdDate": "2022-02-18T05:38:41.000Z",
      "fileName": "classes/SiteLoginController.cls",
      "fullName": "SiteLoginController",
      "id": "01p7h000001w3pxAAA",
      "lastModifiedById": "0057h000003WrpYAAS",
      "lastModifiedByName": "Ajinkya Jagadale",
      "lastModifiedDate": "2022-02-18T05:38:41.000Z",
      "manageableState": "unmanaged",
      "type": "ApexClass"
    },
    {
      "createdById": "0057h000003WrpYAAS",
      "createdByName": "Ajinkya Jagadale",
      "createdDate": "2022-03-17T12:27:04.000Z",
      "fileName": "classes/B2BIfNotifyBuyer.cls",
      "fullName": "B2BIfNotifyBuyer",
      "id": "01p7h000001wBBCAA2",
      "lastModifiedById": "0057h000003WrpYAAS",
      "lastModifiedByName": "Ajinkya Jagadale",
      "lastModifiedDate": "2022-03-17T12:27:04.000Z",
      "manageableState": "unmanaged",
      "type": "ApexClass"
    },
    {
      "createdById": "0057h000003WrpYAAS",
      "createdByName": "Ajinkya Jagadale",
      "createdDate": "2022-02-26T12:14:40.000Z",
      "fileName": "classes/B2BPriceMiStore.cls",
      "fullName": "B2BPriceMiStore",
      "id": "01p7h000001w6lFAAQ",
      "lastModifiedById": "0057h000003WrpYAAS",
      "lastModifiedByName": "Ajinkya Jagadale",
      "lastModifiedDate": "2022-02-26T12:14:40.000Z",
      "manageableState": "unmanaged",
      "type": "ApexClass"
    },
    {
      "createdById": "0057h000003WrpYAAS",
      "createdByName": "Ajinkya Jagadale",
      "createdDate": "2022-03-22T11:01:16.000Z",
      "fileName": "classes/DaoService.cls",
      "fullName": "DaoService",
      "id": "01p7h000001wDH1AAM",
      "lastModifiedById": "0057h000003WrpYAAS",
      "lastModifiedByName": "Ajinkya Jagadale",
      "lastModifiedDate": "2022-04-01T07:30:28.000Z",
      "manageableState": "unmanaged",
      "type": "ApexClass"
    },
    {
      "createdById": "0057h000003WrpYAAS",
      "createdByName": "Ajinkya Jagadale",
      "createdDate": "2022-02-18T05:38:48.000Z",
      "fileName": "classes/LightningForgotPasswordController.cls",
      "fullName": "LightningForgotPasswordController",
      "id": "01p7h000001w3qIAAQ",
      "lastModifiedById": "0057h000003WrpYAAS",
      "lastModifiedByName": "Ajinkya Jagadale",
      "lastModifiedDate": "2022-02-18T05:38:48.000Z",
      "manageableState": "unmanaged",
      "type": "ApexClass"
    },
    {
      "createdById": "0057h000003WrpYAAS",
      "createdByName": "Ajinkya Jagadale",
      "createdDate": "2022-03-22T11:01:16.000Z",
      "fileName": "classes/PaymentCalloutMock.cls",
      "fullName": "PaymentCalloutMock",
      "id": "01p7h000001wDH7AAM",
      "lastModifiedById": "0057h000003WrpYAAS",
      "lastModifiedByName": "Ajinkya Jagadale",
      "lastModifiedDate": "2022-04-01T07:30:28.000Z",
      "manageableState": "unmanaged",
      "type": "ApexClass"
    },
    {
      "createdById": "0057h000003WrpYAAS",
      "createdByName": "Ajinkya Jagadale",
      "createdDate": "2022-03-22T11:01:16.000Z",
      "fileName": "classes/PaymentCalloutFailureMock.cls",
      "fullName": "PaymentCalloutFailureMock",
      "id": "01p7h000001wDH5AAM",
      "lastModifiedById": "0057h000003WrpYAAS",
      "lastModifiedByName": "Ajinkya Jagadale",
      "lastModifiedDate": "2022-04-01T07:30:28.000Z",
      "manageableState": "unmanaged",
      "type": "ApexClass"
    },
    {
      "createdById": "0057h000003WrpYAAS",
      "createdByName": "Ajinkya Jagadale",
      "createdDate": "2022-03-16T08:01:30.000Z",
      "fileName": "classes/RegisterCustomerAsLead.cls",
      "fullName": "RegisterCustomerAsLead",
      "id": "01p7h000001wAbsAAE",
      "lastModifiedById": "0057h000003WrpYAAS",
      "lastModifiedByName": "Ajinkya Jagadale",
      "lastModifiedDate": "2022-03-16T09:17:22.000Z",
      "manageableState": "unmanaged",
      "type": "ApexClass"
    },
    {
      "createdById": "0057h000003WrpYAAS",
      "createdByName": "Ajinkya Jagadale",
      "createdDate": "2022-02-18T05:38:46.000Z",
      "fileName": "classes/CommunitiesLandingController.cls",
      "fullName": "CommunitiesLandingController",
      "id": "01p7h000001w3q9AAA",
      "lastModifiedById": "0057h000003WrpYAAS",
      "lastModifiedByName": "Ajinkya Jagadale",
      "lastModifiedDate": "2022-02-18T05:38:46.000Z",
      "manageableState": "unmanaged",
      "type": "ApexClass"
    },
    {
      "createdById": "0057h000003WrpYAAS",
      "createdByName": "Ajinkya Jagadale",
      "createdDate": "2022-02-18T05:38:46.000Z",
      "fileName": "classes/CommunitiesLandingControllerTest.cls",
      "fullName": "CommunitiesLandingControllerTest",
      "id": "01p7h000001w3qAAAQ",
      "lastModifiedById": "0057h000003WrpYAAS",
      "lastModifiedByName": "Ajinkya Jagadale",
      "lastModifiedDate": "2022-02-18T05:38:46.000Z",
      "manageableState": "unmanaged",
      "type": "ApexClass"
    },
    {
      "createdById": "0057h000003WrpYAAS",
      "createdByName": "Ajinkya Jagadale",
      "createdDate": "2022-02-18T05:38:46.000Z",
      "fileName": "classes/CommunitiesLoginController.cls",
      "fullName": "CommunitiesLoginController",
      "id": "01p7h000001w3q7AAA",
      "lastModifiedById": "0057h000003WrpYAAS",
      "lastModifiedByName": "Ajinkya Jagadale",
      "lastModifiedDate": "2022-02-18T05:38:46.000Z",
      "manageableState": "unmanaged",
      "type": "ApexClass"
    },
    {
      "createdById": "0057h000003WrpYAAS",
      "createdByName": "Ajinkya Jagadale",
      "createdDate": "2022-02-18T05:38:41.000Z",
      "fileName": "classes/ChangePasswordControllerTest.cls",
      "fullName": "ChangePasswordControllerTest",
      "id": "01p7h000001w3q2AAA",
      "lastModifiedById": "0057h000003WrpYAAS",
      "lastModifiedByName": "Ajinkya Jagadale",
      "lastModifiedDate": "2022-02-18T05:38:41.000Z",
      "manageableState": "unmanaged",
      "type": "ApexClass"
    },
    {
      "createdById": "0057h000003WrpYAAS",
      "createdByName": "Ajinkya Jagadale",
      "createdDate": "2022-02-18T05:38:46.000Z",
      "fileName": "classes/MicrobatchSelfRegControllerTest.cls",
      "fullName": "MicrobatchSelfRegControllerTest",
      "id": "01p7h000001w3qGAAQ",
      "lastModifiedById": "0057h000003WrpYAAS",
      "lastModifiedByName": "Ajinkya Jagadale",
      "lastModifiedDate": "2022-02-18T05:38:46.000Z",
      "manageableState": "unmanaged",
      "type": "ApexClass"
    },
    {
      "createdById": "0057h000003WrpYAAS",
      "createdByName": "Ajinkya Jagadale",
      "createdDate": "2022-03-22T11:01:16.000Z",
      "fileName": "classes/AbstractTransactionService.cls",
      "fullName": "AbstractTransactionService",
      "id": "01p7h000001wDGxAAM",
      "lastModifiedById": "0057h000003WrpYAAS",
      "lastModifiedByName": "Ajinkya Jagadale",
      "lastModifiedDate": "2022-04-01T07:30:28.000Z",
      "manageableState": "unmanaged",
      "type": "ApexClass"
    },
    {
      "createdById": "0057h000003WrpYAAS",
      "createdByName": "Ajinkya Jagadale",
      "createdDate": "2022-02-18T05:38:41.000Z",
      "fileName": "classes/ForgotPasswordControllerTest.cls",
      "fullName": "ForgotPasswordControllerTest",
      "id": "01p7h000001w3q4AAA",
      "lastModifiedById": "0057h000003WrpYAAS",
      "lastModifiedByName": "Ajinkya Jagadale",
      "lastModifiedDate": "2022-02-18T05:38:41.000Z",
      "manageableState": "unmanaged",
      "type": "ApexClass"
    },
    {
      "createdById": "0057h000003WrpYAAS",
      "createdByName": "Ajinkya Jagadale",
      "createdDate": "2022-03-30T12:42:09.000Z",
      "fileName": "classes/CybersourceUtility.cls",
      "fullName": "CybersourceUtility",
      "id": "01p7h000001wEliAAE",
      "lastModifiedById": "0057h000003WrpYAAS",
      "lastModifiedByName": "Ajinkya Jagadale",
      "lastModifiedDate": "2022-04-01T07:30:28.000Z",
      "manageableState": "unmanaged",
      "type": "ApexClass"
    },
    {
      "createdById": "0057h000003WrpYAAS",
      "createdByName": "Ajinkya Jagadale",
      "createdDate": "2022-04-01T07:00:42.000Z",
      "fileName": "classes/CybersourceAuthResponse.cls",
      "fullName": "CybersourceAuthResponse",
      "id": "01p7h000001wFZcAAM",
      "lastModifiedById": "0057h000003WrpYAAS",
      "lastModifiedByName": "Ajinkya Jagadale",
      "lastModifiedDate": "2022-04-01T07:30:28.000Z",
      "manageableState": "unmanaged",
      "type": "ApexClass"
    },
    {
      "createdById": "0057h000003WrpYAAS",
      "createdByName": "Ajinkya Jagadale",
      "createdDate": "2022-02-26T12:15:35.000Z",
      "fileName": "classes/B2BInventoryMiStore.cls",
      "fullName": "B2BInventoryMiStore",
      "id": "01p7h000001w6lKAAQ",
      "lastModifiedById": "0057h000003WrpYAAS",
      "lastModifiedByName": "Ajinkya Jagadale",
      "lastModifiedDate": "2022-03-16T07:39:34.000Z",
      "manageableState": "unmanaged",
      "type": "ApexClass"
    },
    {
      "createdById": "0057h000003WrpYAAS",
      "createdByName": "Ajinkya Jagadale",
      "createdDate": "2022-02-18T05:38:41.000Z",
      "fileName": "classes/SiteRegisterController.cls",
      "fullName": "SiteRegisterController",
      "id": "01p7h000001w3pzAAA",
      "lastModifiedById": "0057h000003WrpYAAS",
      "lastModifiedByName": "Ajinkya Jagadale",
      "lastModifiedDate": "2022-02-18T05:38:41.000Z",
      "manageableState": "unmanaged",
      "type": "ApexClass"
    },
    {
      "createdById": "0057h000003WrpYAAS",
      "createdByName": "Ajinkya Jagadale",
      "createdDate": "2022-02-22T06:14:39.000Z",
      "fileName": "classes/B2BShipmentTeaStore.cls",
      "fullName": "B2BShipmentTeaStore",
      "id": "01p7h000001w4qNAAQ",
      "lastModifiedById": "0057h000003WrpYAAS",
      "lastModifiedByName": "Ajinkya Jagadale",
      "lastModifiedDate": "2022-02-22T06:14:39.000Z",
      "manageableState": "unmanaged",
      "type": "ApexClass"
    },
    {
      "createdById": "0057h000003WrpYAAS",
      "createdByName": "Ajinkya Jagadale",
      "createdDate": "2022-03-22T11:01:16.000Z",
      "fileName": "classes/PaymentCalloutHighLevelErrorMock.cls",
      "fullName": "PaymentCalloutHighLevelErrorMock",
      "id": "01p7h000001wDH6AAM",
      "lastModifiedById": "0057h000003WrpYAAS",
      "lastModifiedByName": "Ajinkya Jagadale",
      "lastModifiedDate": "2022-04-01T07:30:28.000Z",
      "manageableState": "unmanaged",
      "type": "ApexClass"
    },
    {
      "createdById": "0057h000003WrpYAAS",
      "createdByName": "Ajinkya Jagadale",
      "createdDate": "2022-02-18T05:38:48.000Z",
      "fileName": "classes/LightningSelfRegisterController.cls",
      "fullName": "LightningSelfRegisterController",
      "id": "01p7h000001w3qHAAQ",
      "lastModifiedById": "0057h000003WrpYAAS",
      "lastModifiedByName": "Ajinkya Jagadale",
      "lastModifiedDate": "2022-02-18T05:38:48.000Z",
      "manageableState": "unmanaged",
      "type": "ApexClass"
    },
    {
      "createdById": "0057h000003WrpYAAS",
      "createdByName": "Ajinkya Jagadale",
      "createdDate": "2022-03-24T09:53:33.000Z",
      "fileName": "classes/CyberSourceGatewayAdapter.cls",
      "fullName": "CyberSourceGatewayAdapter",
      "id": "01p7h000001wDhQAAU",
      "lastModifiedById": "0057h000003WrpYAAS",
      "lastModifiedByName": "Ajinkya Jagadale",
      "lastModifiedDate": "2022-04-01T07:30:28.000Z",
      "manageableState": "unmanaged",
      "type": "ApexClass"
    },
    {
      "createdById": "0057h000003WrpYAAS",
      "createdByName": "Ajinkya Jagadale",
      "createdDate": "2022-03-30T12:48:07.000Z",
      "fileName": "classes/CybersourceRestAdapter.cls",
      "fullName": "CybersourceRestAdapter",
      "id": "01p7h000001wElrAAE",
      "lastModifiedById": "0057h000003WrpYAAS",
      "lastModifiedByName": "Ajinkya Jagadale",
      "lastModifiedDate": "2022-04-01T07:44:19.000Z",
      "manageableState": "unmanaged",
      "type": "ApexClass"
    },
    {
      "createdById": "0057h000003WrpYAAS",
      "createdByName": "Ajinkya Jagadale",
      "createdDate": "2022-03-22T11:01:16.000Z",
      "fileName": "classes/PayeezyGatewayAdapter.cls",
      "fullName": "PayeezyGatewayAdapter",
      "id": "01p7h000001wDH3AAM",
      "lastModifiedById": "0057h000003WrpYAAS",
      "lastModifiedByName": "Ajinkya Jagadale",
      "lastModifiedDate": "2022-04-01T07:30:28.000Z",
      "manageableState": "unmanaged",
      "type": "ApexClass"
    },
    {
      "createdById": "0057h000003WrpYAAS",
      "createdByName": "Ajinkya Jagadale",
      "createdDate": "2022-02-18T05:38:46.000Z",
      "fileName": "classes/CommunitiesLoginControllerTest.cls",
      "fullName": "CommunitiesLoginControllerTest",
      "id": "01p7h000001w3q8AAA",
      "lastModifiedById": "0057h000003WrpYAAS",
      "lastModifiedByName": "Ajinkya Jagadale",
      "lastModifiedDate": "2022-02-18T05:38:46.000Z",
      "manageableState": "unmanaged",
      "type": "ApexClass"
    },
    {
      "createdById": "0057h000003WrpYAAS",
      "createdByName": "Ajinkya Jagadale",
      "createdDate": "2022-02-18T05:38:41.000Z",
      "fileName": "classes/SiteRegisterControllerTest.cls",
      "fullName": "SiteRegisterControllerTest",
      "id": "01p7h000001w3q0AAA",
      "lastModifiedById": "0057h000003WrpYAAS",
      "lastModifiedByName": "Ajinkya Jagadale",
      "lastModifiedDate": "2022-02-18T05:38:41.000Z",
      "manageableState": "unmanaged",
      "type": "ApexClass"
    }
  ]
}