{
  "status": 0,
  "result": [
    {
      "createdById": "0057h000003WrpYAAS",
      "createdByName": "Ajinkya Jagadale",
      "createdDate": "2022-02-18T05:38:48.000Z",
      "fileName": "aura/setExpId",
      "fullName": "setExpId",
      "id": "0Ab7h000000BxCBCA0",
      "lastModifiedById": "0057h000003WrpYAAS",
      "lastModifiedByName": "Ajinkya Jagadale",
      "lastModifiedDate": "2022-02-18T05:38:48.000Z",
      "manageableState": "unmanaged",
      "type": "AuraDefinitionBundle"
    },
    {
      "createdById": "0057h000003WrpYAAS",
      "createdByName": "Ajinkya Jagadale",
      "createdDate": "2022-02-18T05:38:50.000Z",
      "fileName": "aura/forgotPassword",
      "fullName": "forgotPassword",
      "id": "0Ab7h000000BxCFCA0",
      "lastModifiedById": "0057h000003WrpYAAS",
      "lastModifiedByName": "Ajinkya Jagadale",
      "lastModifiedDate": "2022-02-18T05:38:50.000Z",
      "manageableState": "unmanaged",
      "type": "AuraDefinitionBundle"
    },
    {
      "createdById": "0057h000003WrpYAAS",
      "createdByName": "Ajinkya Jagadale",
      "createdDate": "2022-03-30T12:42:08.000Z",
      "fileName": "aura/CreditCardForm",
      "fullName": "CreditCardForm",
      "id": "0Ab7h000000ByX0CAK",
      "lastModifiedById": "0057h000003WrpYAAS",
      "lastModifiedByName": "Ajinkya Jagadale",
      "lastModifiedDate": "2022-04-05T09:51:30.000Z",
      "manageableState": "unmanaged",
      "type": "AuraDefinitionBundle"
    },
    {
      "createdById": "0057h000003WrpYAAS",
      "createdByName": "Ajinkya Jagadale",
      "createdDate": "2022-02-18T05:38:49.000Z",
      "fileName": "aura/selfRegister",
      "fullName": "selfRegister",
      "id": "0Ab7h000000BxCECA0",
      "lastModifiedById": "0057h000003WrpYAAS",
      "lastModifiedByName": "Ajinkya Jagadale",
      "lastModifiedDate": "2022-02-18T05:38:49.000Z",
      "manageableState": "unmanaged",
      "type": "AuraDefinitionBundle"
    },
    {
      "createdById": "0057h000003WrpYAAS",
      "createdByName": "Ajinkya Jagadale",
      "createdDate": "2022-02-18T05:38:49.000Z",
      "fileName": "aura/loginForm",
      "fullName": "loginForm",
      "id": "0Ab7h000000BxCDCA0",
      "lastModifiedById": "0057h000003WrpYAAS",
      "lastModifiedByName": "Ajinkya Jagadale",
      "lastModifiedDate": "2022-02-18T05:38:49.000Z",
      "manageableState": "unmanaged",
      "type": "AuraDefinitionBundle"
    },
    {
      "createdById": "0057h000003WrpYAAS",
      "createdByName": "Ajinkya Jagadale",
      "createdDate": "2022-02-18T05:38:48.000Z",
      "fileName": "aura/setStartUrl",
      "fullName": "setStartUrl",
      "id": "0Ab7h000000BxCCCA0",
      "lastModifiedById": "0057h000003WrpYAAS",
      "lastModifiedByName": "Ajinkya Jagadale",
      "lastModifiedDate": "2022-02-18T05:38:48.000Z",
      "manageableState": "unmanaged",
      "type": "AuraDefinitionBundle"
    }
  ]
}