<?xml version="1.0" encoding="UTF-8"?>
<LightningComponentBundle xmlns="http://soap.sforce.com/2006/04/metadata">
    <apiVersion>54.0</apiVersion>
    <isExposed>true</isExposed> 
    <targets>
        <target>lightning__AppPage</target>        
        <target>lightning__RecordPage</target>        
        <target>lightning__HomePage</target>
        <target>lightning__FlowScreen</target>        
    </targets> 
    <targetConfigs>
        <targetConfig targets="lightning__FlowScreen">
            <property name="cartId" label="Cart ID" type="String"  /> 
            <property name="orderId" label="Order ID" type="String"  /> 
            <property name="selectedAddress" label="Selected Address ID" type="String" /> 
            <property name="selectedPaymentMethod" label="Selected Payment Method" type="String"  />
        </targetConfig>
    </targetConfigs>  
</LightningComponentBundle>