{
  "status": 0,
  "result": [
    {
      "createdById": "0052C000002tmpKQAQ",
      "createdByName": "Tanya Jain",
      "createdDate": "2022-02-18T05:41:43.000Z",
      "fileName": "classes/ForgotPasswordControllerTest.cls",
      "fullName": "ForgotPasswordControllerTest",
      "id": "01p2C000000ZcfkQAC",
      "lastModifiedById": "0052C000002tmpKQAQ",
      "lastModifiedByName": "Tanya Jain",
      "lastModifiedDate": "2022-02-18T05:41:43.000Z",
      "manageableState": "unmanaged",
      "type": "ApexClass"
    },
    {
      "createdById": "0052C000002tmpKQAQ",
      "createdByName": "Tanya Jain",
      "createdDate": "2022-02-18T05:41:50.000Z",
      "fileName": "classes/CommunitiesLandingController.cls",
      "fullName": "CommunitiesLandingController",
      "id": "01p2C000000ZcfpQAC",
      "lastModifiedById": "0052C000002tmpKQAQ",
      "lastModifiedByName": "Tanya Jain",
      "lastModifiedDate": "2022-02-18T05:41:50.000Z",
      "manageableState": "unmanaged",
      "type": "ApexClass"
    },
    {
      "createdById": "0052C000002tmpKQAQ",
      "createdByName": "Tanya Jain",
      "createdDate": "2022-04-05T10:10:31.000Z",
      "fileName": "classes/CybersourceAuthResponse.cls",
      "fullName": "CybersourceAuthResponse",
      "id": "01p2C000000ZtKrQAK",
      "lastModifiedById": "0052C000002tmpKQAQ",
      "lastModifiedByName": "Tanya Jain",
      "lastModifiedDate": "2022-04-05T10:10:31.000Z",
      "manageableState": "unmanaged",
      "type": "ApexClass"
    },
    {
      "createdById": "0052C000002tmpKQAQ",
      "createdByName": "Tanya Jain",
      "createdDate": "2022-02-18T05:41:43.000Z",
      "fileName": "classes/ChangePasswordControllerTest.cls",
      "fullName": "ChangePasswordControllerTest",
      "id": "01p2C000000ZcfiQAC",
      "lastModifiedById": "0052C000002tmpKQAQ",
      "lastModifiedByName": "Tanya Jain",
      "lastModifiedDate": "2022-02-18T05:41:43.000Z",
      "manageableState": "unmanaged",
      "type": "ApexClass"
    },
    {
      "createdById": "0052C000002tmpKQAQ",
      "createdByName": "Tanya Jain",
      "createdDate": "2022-02-22T06:16:10.000Z",
      "fileName": "classes/B2BPriceTeaStore.cls",
      "fullName": "B2BPriceTeaStore",
      "id": "01p2C000000Zd1yQAC",
      "lastModifiedById": "0052C000002tmpKQAQ",
      "lastModifiedByName": "Tanya Jain",
      "lastModifiedDate": "2022-02-22T06:16:10.000Z",
      "manageableState": "unmanaged",
      "type": "ApexClass"
    },
    {
      "createdById": "0052C000002tmpKQAQ",
      "createdByName": "Tanya Jain",
      "createdDate": "2022-02-18T05:41:52.000Z",
      "fileName": "classes/LightningLoginFormControllerTest.cls",
      "fullName": "LightningLoginFormControllerTest",
      "id": "01p2C000000Zcg0QAC",
      "lastModifiedById": "0052C000002tmpKQAQ",
      "lastModifiedByName": "Tanya Jain",
      "lastModifiedDate": "2022-02-18T05:41:52.000Z",
      "manageableState": "unmanaged",
      "type": "ApexClass"
    },
    {
      "createdById": "0052C000002tmpKQAQ",
      "createdByName": "Tanya Jain",
      "createdDate": "2022-02-18T05:41:50.000Z",
      "fileName": "classes/CommunitiesLoginController.cls",
      "fullName": "CommunitiesLoginController",
      "id": "01p2C000000ZcfnQAC",
      "lastModifiedById": "0052C000002tmpKQAQ",
      "lastModifiedByName": "Tanya Jain",
      "lastModifiedDate": "2022-02-18T05:41:50.000Z",
      "manageableState": "unmanaged",
      "type": "ApexClass"
    },
    {
      "createdById": "0052C000002tmpKQAQ",
      "createdByName": "Tanya Jain",
      "createdDate": "2022-02-18T05:41:52.000Z",
      "fileName": "classes/LightningForgotPasswordController.cls",
      "fullName": "LightningForgotPasswordController",
      "id": "01p2C000000ZcfyQAC",
      "lastModifiedById": "0052C000002tmpKQAQ",
      "lastModifiedByName": "Tanya Jain",
      "lastModifiedDate": "2022-02-18T05:41:52.000Z",
      "manageableState": "unmanaged",
      "type": "ApexClass"
    },
    {
      "createdById": "0052C000002tmpKQAQ",
      "createdByName": "Tanya Jain",
      "createdDate": "2022-02-18T05:41:43.000Z",
      "fileName": "classes/ChangePasswordController.cls",
      "fullName": "ChangePasswordController",
      "id": "01p2C000000ZcfhQAC",
      "lastModifiedById": "0052C000002tmpKQAQ",
      "lastModifiedByName": "Tanya Jain",
      "lastModifiedDate": "2022-02-18T05:41:43.000Z",
      "manageableState": "unmanaged",
      "type": "ApexClass"
    },
    {
      "createdById": "0052C000002tmpKQAQ",
      "createdByName": "Tanya Jain",
      "createdDate": "2022-02-18T05:41:50.000Z",
      "fileName": "classes/CommunitiesSelfRegController.cls",
      "fullName": "CommunitiesSelfRegController",
      "id": "01p2C000000ZcfrQAC",
      "lastModifiedById": "0052C000002tmpKQAQ",
      "lastModifiedByName": "Tanya Jain",
      "lastModifiedDate": "2022-02-18T05:41:50.000Z",
      "manageableState": "unmanaged",
      "type": "ApexClass"
    },
    {
      "createdById": "0052C000002tmpKQAQ",
      "createdByName": "Tanya Jain",
      "createdDate": "2022-02-18T05:41:51.000Z",
      "fileName": "classes/MicrobatchSelfRegController.cls",
      "fullName": "MicrobatchSelfRegController",
      "id": "01p2C000000ZcfvQAC",
      "lastModifiedById": "0052C000002tmpKQAQ",
      "lastModifiedByName": "Tanya Jain",
      "lastModifiedDate": "2022-02-18T05:41:51.000Z",
      "manageableState": "unmanaged",
      "type": "ApexClass"
    },
    {
      "createdById": "0052C000002tmpKQAQ",
      "createdByName": "Tanya Jain",
      "createdDate": "2022-02-18T05:41:52.000Z",
      "fileName": "classes/LightningForgotPasswordControllerTest.cls",
      "fullName": "LightningForgotPasswordControllerTest",
      "id": "01p2C000000Zcg1QAC",
      "lastModifiedById": "0052C000002tmpKQAQ",
      "lastModifiedByName": "Tanya Jain",
      "lastModifiedDate": "2022-02-18T05:41:52.000Z",
      "manageableState": "unmanaged",
      "type": "ApexClass"
    },
    {
      "createdById": "0052C000002tmpKQAQ",
      "createdByName": "Tanya Jain",
      "createdDate": "2022-02-22T06:17:51.000Z",
      "fileName": "classes/B2BTaxTeaStore.cls",
      "fullName": "B2BTaxTeaStore",
      "id": "01p2C000000Zd2DQAS",
      "lastModifiedById": "0052C000002tmpKQAQ",
      "lastModifiedByName": "Tanya Jain",
      "lastModifiedDate": "2022-02-22T06:17:51.000Z",
      "manageableState": "unmanaged",
      "type": "ApexClass"
    },
    {
      "createdById": "0052C000002tmpKQAQ",
      "createdByName": "Tanya Jain",
      "createdDate": "2022-02-18T05:41:43.000Z",
      "fileName": "classes/SiteRegisterControllerTest.cls",
      "fullName": "SiteRegisterControllerTest",
      "id": "01p2C000000ZcfgQAC",
      "lastModifiedById": "0052C000002tmpKQAQ",
      "lastModifiedByName": "Tanya Jain",
      "lastModifiedDate": "2022-02-18T05:41:43.000Z",
      "manageableState": "unmanaged",
      "type": "ApexClass"
    },
    {
      "createdById": "0052C000002tmpKQAQ",
      "createdByName": "Tanya Jain",
      "createdDate": "2022-04-05T10:11:23.000Z",
      "fileName": "classes/CreditCardFormController.cls",
      "fullName": "CreditCardFormController",
      "id": "01p2C000000ZtKwQAK",
      "lastModifiedById": "0052C000002tmpKQAQ",
      "lastModifiedByName": "Tanya Jain",
      "lastModifiedDate": "2022-04-06T06:42:32.000Z",
      "manageableState": "unmanaged",
      "type": "ApexClass"
    },
    {
      "createdById": "0052C000002tmpKQAQ",
      "createdByName": "Tanya Jain",
      "createdDate": "2022-02-18T05:41:44.000Z",
      "fileName": "classes/MyProfilePageController.cls",
      "fullName": "MyProfilePageController",
      "id": "01p2C000000ZcflQAC",
      "lastModifiedById": "0052C000002tmpKQAQ",
      "lastModifiedByName": "Tanya Jain",
      "lastModifiedDate": "2022-02-18T05:41:44.000Z",
      "manageableState": "unmanaged",
      "type": "ApexClass"
    },
    {
      "createdById": "0052C000002tmpKQAQ",
      "createdByName": "Tanya Jain",
      "createdDate": "2022-02-25T19:51:11.000Z",
      "fileName": "classes/B2BPriceStoreNestle.cls",
      "fullName": "B2BPriceStoreNestle",
      "id": "01p2C000000Ze2sQAC",
      "lastModifiedById": "0052C000002tmpKQAQ",
      "lastModifiedByName": "Tanya Jain",
      "lastModifiedDate": "2022-02-25T19:51:11.000Z",
      "manageableState": "unmanaged",
      "type": "ApexClass"
    },
    {
      "createdById": "0052C000002tmpKQAQ",
      "createdByName": "Tanya Jain",
      "createdDate": "2022-02-18T05:41:52.000Z",
      "fileName": "classes/LightningLoginFormController.cls",
      "fullName": "LightningLoginFormController",
      "id": "01p2C000000ZcfzQAC",
      "lastModifiedById": "0052C000002tmpKQAQ",
      "lastModifiedByName": "Tanya Jain",
      "lastModifiedDate": "2022-02-18T05:41:52.000Z",
      "manageableState": "unmanaged",
      "type": "ApexClass"
    },
    {
      "createdById": "0052C000002tmpKQAQ",
      "createdByName": "Tanya Jain",
      "createdDate": "2022-02-18T05:41:50.000Z",
      "fileName": "classes/CommunitiesSelfRegControllerTest.cls",
      "fullName": "CommunitiesSelfRegControllerTest",
      "id": "01p2C000000ZcfsQAC",
      "lastModifiedById": "0052C000002tmpKQAQ",
      "lastModifiedByName": "Tanya Jain",
      "lastModifiedDate": "2022-02-18T05:41:50.000Z",
      "manageableState": "unmanaged",
      "type": "ApexClass"
    },
    {
      "createdById": "0052C000002tmpKQAQ",
      "createdByName": "Tanya Jain",
      "createdDate": "2022-03-21T10:15:57.000Z",
      "fileName": "classes/B2BIfNotifyBuyer.cls",
      "fullName": "B2BIfNotifyBuyer",
      "id": "01p2C000000ZkNMQA0",
      "lastModifiedById": "0052C000002tmpKQAQ",
      "lastModifiedByName": "Tanya Jain",
      "lastModifiedDate": "2022-03-21T10:15:57.000Z",
      "manageableState": "unmanaged",
      "type": "ApexClass"
    },
    {
      "createdById": "0052C000002tmpKQAQ",
      "createdByName": "Tanya Jain",
      "createdDate": "2022-02-18T05:41:43.000Z",
      "fileName": "classes/SiteLoginControllerTest.cls",
      "fullName": "SiteLoginControllerTest",
      "id": "01p2C000000ZcfeQAC",
      "lastModifiedById": "0052C000002tmpKQAQ",
      "lastModifiedByName": "Tanya Jain",
      "lastModifiedDate": "2022-02-18T05:41:43.000Z",
      "manageableState": "unmanaged",
      "type": "ApexClass"
    },
    {
      "createdById": "0052C000002tmpKQAQ",
      "createdByName": "Tanya Jain",
      "createdDate": "2022-02-25T19:49:49.000Z",
      "fileName": "classes/B2BShipmentStoreNestle.cls",
      "fullName": "B2BShipmentStoreNestle",
      "id": "01p2C000000Ze2nQAC",
      "lastModifiedById": "0052C000002tmpKQAQ",
      "lastModifiedByName": "Tanya Jain",
      "lastModifiedDate": "2022-02-25T19:49:49.000Z",
      "manageableState": "unmanaged",
      "type": "ApexClass"
    },
    {
      "createdById": "0052C000002tmpKQAQ",
      "createdByName": "Tanya Jain",
      "createdDate": "2022-02-22T06:16:56.000Z",
      "fileName": "classes/B2BShipmentTeaStore.cls",
      "fullName": "B2BShipmentTeaStore",
      "id": "01p2C000000Zd28QAC",
      "lastModifiedById": "0052C000002tmpKQAQ",
      "lastModifiedByName": "Tanya Jain",
      "lastModifiedDate": "2022-02-22T06:17:08.000Z",
      "manageableState": "unmanaged",
      "type": "ApexClass"
    },
    {
      "createdById": "0052C000002tmpKQAQ",
      "createdByName": "Tanya Jain",
      "createdDate": "2022-02-18T05:41:50.000Z",
      "fileName": "classes/CommunitiesSelfRegConfirmController.cls",
      "fullName": "CommunitiesSelfRegConfirmController",
      "id": "01p2C000000ZcftQAC",
      "lastModifiedById": "0052C000002tmpKQAQ",
      "lastModifiedByName": "Tanya Jain",
      "lastModifiedDate": "2022-02-18T05:41:50.000Z",
      "manageableState": "unmanaged",
      "type": "ApexClass"
    },
    {
      "createdById": "0052C000002tmpKQAQ",
      "createdByName": "Tanya Jain",
      "createdDate": "2022-02-18T05:41:51.000Z",
      "fileName": "classes/MicrobatchSelfRegControllerTest.cls",
      "fullName": "MicrobatchSelfRegControllerTest",
      "id": "01p2C000000ZcfwQAC",
      "lastModifiedById": "0052C000002tmpKQAQ",
      "lastModifiedByName": "Tanya Jain",
      "lastModifiedDate": "2022-02-18T05:41:51.000Z",
      "manageableState": "unmanaged",
      "type": "ApexClass"
    },
    {
      "createdById": "0052C000002tmpKQAQ",
      "createdByName": "Tanya Jain",
      "createdDate": "2022-02-18T05:41:50.000Z",
      "fileName": "classes/CommunitiesSelfRegConfirmControllerTest.cls",
      "fullName": "CommunitiesSelfRegConfirmControllerTest",
      "id": "01p2C000000ZcfuQAC",
      "lastModifiedById": "0052C000002tmpKQAQ",
      "lastModifiedByName": "Tanya Jain",
      "lastModifiedDate": "2022-02-18T05:41:50.000Z",
      "manageableState": "unmanaged",
      "type": "ApexClass"
    },
    {
      "createdById": "0052C000002tmpKQAQ",
      "createdByName": "Tanya Jain",
      "createdDate": "2022-02-22T06:14:58.000Z",
      "fileName": "classes/B2BInventoryTeaStore.cls",
      "fullName": "B2BInventoryTeaStore",
      "id": "01p2C000000Zd1eQAC",
      "lastModifiedById": "0052C000002tmpKQAQ",
      "lastModifiedByName": "Tanya Jain",
      "lastModifiedDate": "2022-02-22T06:14:58.000Z",
      "manageableState": "unmanaged",
      "type": "ApexClass"
    },
    {
      "createdById": "0052C000002tmpKQAQ",
      "createdByName": "Tanya Jain",
      "createdDate": "2022-02-18T05:41:50.000Z",
      "fileName": "classes/CommunitiesLoginControllerTest.cls",
      "fullName": "CommunitiesLoginControllerTest",
      "id": "01p2C000000ZcfoQAC",
      "lastModifiedById": "0052C000002tmpKQAQ",
      "lastModifiedByName": "Tanya Jain",
      "lastModifiedDate": "2022-02-18T05:41:50.000Z",
      "manageableState": "unmanaged",
      "type": "ApexClass"
    },
    {
      "createdById": "0052C000002tmpKQAQ",
      "createdByName": "Tanya Jain",
      "createdDate": "2022-02-18T05:41:43.000Z",
      "fileName": "classes/SiteRegisterController.cls",
      "fullName": "SiteRegisterController",
      "id": "01p2C000000ZcffQAC",
      "lastModifiedById": "0052C000002tmpKQAQ",
      "lastModifiedByName": "Tanya Jain",
      "lastModifiedDate": "2022-02-18T05:41:43.000Z",
      "manageableState": "unmanaged",
      "type": "ApexClass"
    },
    {
      "createdById": "0052C000002tmpKQAQ",
      "createdByName": "Tanya Jain",
      "createdDate": "2022-02-25T19:47:31.000Z",
      "fileName": "classes/B2BInventoryStoreNestle.cls",
      "fullName": "B2BInventoryStoreNestle",
      "id": "01p2C000000Ze2dQAC",
      "lastModifiedById": "0052C000002tmpKQAQ",
      "lastModifiedByName": "Tanya Jain",
      "lastModifiedDate": "2022-02-25T19:47:31.000Z",
      "manageableState": "unmanaged",
      "type": "ApexClass"
    },
    {
      "createdById": "0052C000002tmpKQAQ",
      "createdByName": "Tanya Jain",
      "createdDate": "2022-04-05T10:10:08.000Z",
      "fileName": "classes/CybersourceUtility.cls",
      "fullName": "CybersourceUtility",
      "id": "01p2C000000ZtKmQAK",
      "lastModifiedById": "0052C000002tmpKQAQ",
      "lastModifiedByName": "Tanya Jain",
      "lastModifiedDate": "2022-04-05T10:10:44.000Z",
      "manageableState": "unmanaged",
      "type": "ApexClass"
    },
    {
      "createdById": "0052C000002tmpKQAQ",
      "createdByName": "Tanya Jain",
      "createdDate": "2022-02-18T05:41:52.000Z",
      "fileName": "classes/LightningSelfRegisterControllerTest.cls",
      "fullName": "LightningSelfRegisterControllerTest",
      "id": "01p2C000000Zcg2QAC",
      "lastModifiedById": "0052C000002tmpKQAQ",
      "lastModifiedByName": "Tanya Jain",
      "lastModifiedDate": "2022-02-18T05:41:52.000Z",
      "manageableState": "unmanaged",
      "type": "ApexClass"
    },
    {
      "createdById": "0052C000002tmpKQAQ",
      "createdByName": "Tanya Jain",
      "createdDate": "2022-02-25T19:48:45.000Z",
      "fileName": "classes/B2BTaxStoreNestle.cls",
      "fullName": "B2BTaxStoreNestle",
      "id": "01p2C000000Ze2iQAC",
      "lastModifiedById": "0052C000002tmpKQAQ",
      "lastModifiedByName": "Tanya Jain",
      "lastModifiedDate": "2022-02-25T19:48:45.000Z",
      "manageableState": "unmanaged",
      "type": "ApexClass"
    },
    {
      "createdById": "0052C000002tmpKQAQ",
      "createdByName": "Tanya Jain",
      "createdDate": "2022-03-21T10:17:46.000Z",
      "fileName": "classes/B2BGetBuyerUserLanguageAction.cls",
      "fullName": "B2BGetBuyerUserLanguageAction",
      "id": "01p2C000000ZkNRQA0",
      "lastModifiedById": "0052C000002tmpKQAQ",
      "lastModifiedByName": "Tanya Jain",
      "lastModifiedDate": "2022-03-21T10:17:46.000Z",
      "manageableState": "unmanaged",
      "type": "ApexClass"
    },
    {
      "createdById": "0052C000002tmpKQAQ",
      "createdByName": "Tanya Jain",
      "createdDate": "2022-02-18T05:41:50.000Z",
      "fileName": "classes/CommunitiesLandingControllerTest.cls",
      "fullName": "CommunitiesLandingControllerTest",
      "id": "01p2C000000ZcfqQAC",
      "lastModifiedById": "0052C000002tmpKQAQ",
      "lastModifiedByName": "Tanya Jain",
      "lastModifiedDate": "2022-02-18T05:41:50.000Z",
      "manageableState": "unmanaged",
      "type": "ApexClass"
    },
    {
      "createdById": "0052C000002tmpKQAQ",
      "createdByName": "Tanya Jain",
      "createdDate": "2022-02-18T05:41:44.000Z",
      "fileName": "classes/MyProfilePageControllerTest.cls",
      "fullName": "MyProfilePageControllerTest",
      "id": "01p2C000000ZcfmQAC",
      "lastModifiedById": "0052C000002tmpKQAQ",
      "lastModifiedByName": "Tanya Jain",
      "lastModifiedDate": "2022-02-18T05:41:44.000Z",
      "manageableState": "unmanaged",
      "type": "ApexClass"
    },
    {
      "createdById": "0052C000002tmpKQAQ",
      "createdByName": "Tanya Jain",
      "createdDate": "2022-02-18T05:41:43.000Z",
      "fileName": "classes/SiteLoginController.cls",
      "fullName": "SiteLoginController",
      "id": "01p2C000000ZcfdQAC",
      "lastModifiedById": "0052C000002tmpKQAQ",
      "lastModifiedByName": "Tanya Jain",
      "lastModifiedDate": "2022-02-18T05:41:43.000Z",
      "manageableState": "unmanaged",
      "type": "ApexClass"
    },
    {
      "createdById": "0052C000002tmpKQAQ",
      "createdByName": "Tanya Jain",
      "createdDate": "2022-02-18T05:41:52.000Z",
      "fileName": "classes/LightningSelfRegisterController.cls",
      "fullName": "LightningSelfRegisterController",
      "id": "01p2C000000ZcfxQAC",
      "lastModifiedById": "0052C000002tmpKQAQ",
      "lastModifiedByName": "Tanya Jain",
      "lastModifiedDate": "2022-02-18T05:41:52.000Z",
      "manageableState": "unmanaged",
      "type": "ApexClass"
    },
    {
      "createdById": "0052C000002tmpKQAQ",
      "createdByName": "Tanya Jain",
      "createdDate": "2022-02-18T05:41:43.000Z",
      "fileName": "classes/ForgotPasswordController.cls",
      "fullName": "ForgotPasswordController",
      "id": "01p2C000000ZcfjQAC",
      "lastModifiedById": "0052C000002tmpKQAQ",
      "lastModifiedByName": "Tanya Jain",
      "lastModifiedDate": "2022-02-18T05:41:43.000Z",
      "manageableState": "unmanaged",
      "type": "ApexClass"
    }
  ]
}