{
  "status": 0,
  "result": {
    "createdById": "0053t000009NTnuAAG",
    "createdByName": "Amit Kumar Ojha",
    "createdDate": "1970-01-01T00:00:00.000Z",
    "fileName": "apexEmailNotifications/apexEmailNotifications.notifications",
    "fullName": "apexEmailNotifications",
    "id": "",
    "lastModifiedById": "0053t000009NTnuAAG",
    "lastModifiedByName": "Amit Kumar Ojha",
    "lastModifiedDate": "1970-01-01T00:00:00.000Z",
    "namespacePrefix": "",
    "type": "ApexEmailNotifications"
  }
}