{
  "status": 0,
  "result": [
    {
      "createdById": "0053t0000087IUXAA2",
      "createdByName": "Nagaseshulu Endla",
      "createdDate": "2021-01-23T11:05:43.000Z",
      "fileName": "triggers/AccountTrigger.trigger",
      "fullName": "AccountTrigger",
      "id": "01q3t000000zGIUAA2",
      "lastModifiedById": "0053t000008lNFpAAM",
      "lastModifiedByName": "Raviteja Akkapantula",
      "lastModifiedDate": "2021-03-05T15:04:46.000Z",
      "manageableState": "unmanaged",
      "namespacePrefix": "EPAMRuleEngine",
      "type": "ApexTrigger"
    },
    {
      "createdById": "0053t000008lNFpAAM",
      "createdByName": "Raviteja Akkapantula",
      "createdDate": "2021-06-18T09:07:18.000Z",
      "fileName": "triggers/REsampleTrigger.trigger",
      "fullName": "REsampleTrigger",
      "id": "01q3t0000017ndrAAA",
      "lastModifiedById": "0053t000008lNFpAAM",
      "lastModifiedByName": "Raviteja Akkapantula",
      "lastModifiedDate": "2021-06-18T09:07:43.000Z",
      "manageableState": "released",
      "namespacePrefix": "EPAMRuleEngine",
      "type": "ApexTrigger"
    },
    {
      "createdById": "0053t000009Mr4gAAC",
      "createdByName": "Rajt Dadhich",
      "createdDate": "2022-01-03T05:11:35.000Z",
      "fileName": "triggers/LogMessages.trigger",
      "fullName": "LogMessages",
      "id": "01q3t000000IvV8AAK",
      "lastModifiedById": "0053t000009Mr4gAAC",
      "lastModifiedByName": "Rajt Dadhich",
      "lastModifiedDate": "2022-01-03T05:11:35.000Z",
      "manageableState": "unmanaged",
      "namespacePrefix": "EPAMRuleEngine",
      "type": "ApexTrigger"
    }
  ]
}