{
  "status": 0,
  "result": [
    {
      "createdById": "0053t000009Mr4gAAC",
      "createdByName": "Rajt Dadhich",
      "createdDate": "2022-01-03T05:11:51.000Z",
      "fileName": "classes/LogMessageUtility.cls",
      "fullName": "LogMessageUtility",
      "id": "01p3t00000BSCNlAAP",
      "lastModifiedById": "0053t000009Mr4gAAC",
      "lastModifiedByName": "Rajt Dadhich",
      "lastModifiedDate": "2022-01-03T05:11:51.000Z",
      "manageableState": "unmanaged",
      "namespacePrefix": "EPAMRuleEngine",
      "type": "ApexClass"
    },
    {
      "createdById": "0053t0000087IUXAA2",
      "createdByName": "Nagaseshulu Endla",
      "createdDate": "2020-09-22T17:11:55.000Z",
      "fileName": "classes/RuleEngineTriggerHandler.cls",
      "fullName": "RuleEngineTriggerHandler",
      "id": "01p3t000009jGfeAAE",
      "lastModifiedById": "0053t0000087IUXAA2",
      "lastModifiedByName": "Nagaseshulu Endla",
      "lastModifiedDate": "2021-01-23T09:31:39.000Z",
      "manageableState": "released",
      "namespacePrefix": "EPAMRuleEngine",
      "type": "ApexClass"
    },
    {
      "createdById": "0053t000009Mr4bAAC",
      "createdByName": "venkataramanjaneyulu kattamuru",
      "createdDate": "2021-12-28T13:06:19.000Z",
      "fileName": "classes/RuleSystemModeClassTest.cls",
      "fullName": "RuleSystemModeClassTest",
      "id": "01p3t00000BSCDgAAP",
      "lastModifiedById": "0053t000009Mr4bAAC",
      "lastModifiedByName": "venkataramanjaneyulu kattamuru",
      "lastModifiedDate": "2021-12-29T06:26:15.000Z",
      "manageableState": "unmanaged",
      "namespacePrefix": "EPAMRuleEngine",
      "type": "ApexClass"
    },
    {
      "createdById": "0053t000009Mr4bAAC",
      "createdByName": "venkataramanjaneyulu kattamuru",
      "createdDate": "2021-12-28T12:57:53.000Z",
      "fileName": "classes/RuleSystemModeClass.cls",
      "fullName": "RuleSystemModeClass",
      "id": "01p3t00000BSCDbAAP",
      "lastModifiedById": "0053t000009Mr4bAAC",
      "lastModifiedByName": "venkataramanjaneyulu kattamuru",
      "lastModifiedDate": "2021-12-30T07:26:01.000Z",
      "manageableState": "unmanaged",
      "namespacePrefix": "EPAMRuleEngine",
      "type": "ApexClass"
    },
    {
      "createdById": "0053t0000087WLTAA2",
      "createdByName": "Anubhooti Paliwal",
      "createdDate": "2020-10-14T10:37:39.000Z",
      "fileName": "classes/RuleConfiguratonController.cls",
      "fullName": "RuleConfiguratonController",
      "id": "01p3t000009jRlhAAE",
      "lastModifiedById": "0053t000008zlplAAA",
      "lastModifiedByName": "Nidhi Garg",
      "lastModifiedDate": "2022-04-04T08:37:52.000Z",
      "manageableState": "released",
      "namespacePrefix": "EPAMRuleEngine",
      "type": "ApexClass"
    },
    {
      "createdById": "0053t0000087IUXAA2",
      "createdByName": "Nagaseshulu Endla",
      "createdDate": "2021-01-23T05:41:46.000Z",
      "fileName": "classes/RuleEngineEvalTest.cls",
      "fullName": "RuleEngineEvalTest",
      "id": "01p3t000009k0ILAAY",
      "lastModifiedById": "0053t000008lNFpAAM",
      "lastModifiedByName": "Raviteja Akkapantula",
      "lastModifiedDate": "2021-02-17T09:35:30.000Z",
      "manageableState": "released",
      "namespacePrefix": "EPAMRuleEngine",
      "type": "ApexClass"
    },
    {
      "createdById": "0053t0000087IUXAA2",
      "createdByName": "Nagaseshulu Endla",
      "createdDate": "2021-01-23T05:42:03.000Z",
      "fileName": "classes/RuleEngineStackTest.cls",
      "fullName": "RuleEngineStackTest",
      "id": "01p3t000009k0IQAAY",
      "lastModifiedById": "0053t0000087IUXAA2",
      "lastModifiedByName": "Nagaseshulu Endla",
      "lastModifiedDate": "2021-01-27T11:03:28.000Z",
      "manageableState": "released",
      "namespacePrefix": "EPAMRuleEngine",
      "type": "ApexClass"
    },
    {
      "createdById": "0053t000009Mr4bAAC",
      "createdByName": "venkataramanjaneyulu kattamuru",
      "createdDate": "2021-12-28T09:05:46.000Z",
      "fileName": "classes/SystemModeClass.cls",
      "fullName": "SystemModeClass",
      "id": "01p3t00000BSC9AAAX",
      "lastModifiedById": "0053t000009Mr4bAAC",
      "lastModifiedByName": "venkataramanjaneyulu kattamuru",
      "lastModifiedDate": "2021-12-28T09:05:46.000Z",
      "manageableState": "unmanaged",
      "namespacePrefix": "EPAMRuleEngine",
      "type": "ApexClass"
    },
    {
      "createdById": "0053t0000087IUXAA2",
      "createdByName": "Nagaseshulu Endla",
      "createdDate": "2021-01-21T14:53:02.000Z",
      "fileName": "classes/RuleEngineTest.cls",
      "fullName": "RuleEngineTest",
      "id": "01p3t000009k06OAAQ",
      "lastModifiedById": "0053t0000087IUXAA2",
      "lastModifiedByName": "Nagaseshulu Endla",
      "lastModifiedDate": "2021-03-10T18:02:56.000Z",
      "manageableState": "released",
      "namespacePrefix": "EPAMRuleEngine",
      "type": "ApexClass"
    },
    {
      "createdById": "0053t0000087IUXAA2",
      "createdByName": "Nagaseshulu Endla",
      "createdDate": "2020-09-10T10:16:17.000Z",
      "fileName": "classes/RuleEngineEval.cls",
      "fullName": "RuleEngineEval",
      "id": "01p3t000009jBJEAA2",
      "lastModifiedById": "0053t000008lNFpAAM",
      "lastModifiedByName": "Raviteja Akkapantula",
      "lastModifiedDate": "2021-02-17T09:34:05.000Z",
      "manageableState": "released",
      "namespacePrefix": "EPAMRuleEngine",
      "type": "ApexClass"
    },
    {
      "createdById": "0053t0000087IUXAA2",
      "createdByName": "Nagaseshulu Endla",
      "createdDate": "2020-09-10T10:18:41.000Z",
      "fileName": "classes/RuleEngineStack.cls",
      "fullName": "RuleEngineStack",
      "id": "01p3t000009jBJJAA2",
      "lastModifiedById": "0053t0000087IUXAA2",
      "lastModifiedByName": "Nagaseshulu Endla",
      "lastModifiedDate": "2020-11-13T18:35:33.000Z",
      "manageableState": "released",
      "namespacePrefix": "EPAMRuleEngine",
      "type": "ApexClass"
    },
    {
      "createdById": "0053t0000087IUXAA2",
      "createdByName": "Nagaseshulu Endla",
      "createdDate": "2021-01-22T17:26:00.000Z",
      "fileName": "classes/RuleExceptionMessageControllerTest.cls",
      "fullName": "RuleExceptionMessageControllerTest",
      "id": "01p3t000009k0G0AAI",
      "lastModifiedById": "0053t0000087IUXAA2",
      "lastModifiedByName": "Nagaseshulu Endla",
      "lastModifiedDate": "2021-01-22T17:46:39.000Z",
      "manageableState": "released",
      "namespacePrefix": "EPAMRuleEngine",
      "type": "ApexClass"
    },
    {
      "createdById": "0053t0000087IUXAA2",
      "createdByName": "Nagaseshulu Endla",
      "createdDate": "2020-12-22T12:28:43.000Z",
      "fileName": "classes/RuleExceptionHelper.cls",
      "fullName": "RuleExceptionHelper",
      "id": "01p3t000009juo8AAA",
      "lastModifiedById": "0053t0000087IUXAA2",
      "lastModifiedByName": "Nagaseshulu Endla",
      "lastModifiedDate": "2021-03-10T17:58:58.000Z",
      "manageableState": "released",
      "namespacePrefix": "EPAMRuleEngine",
      "type": "ApexClass"
    },
    {
      "createdById": "0053t000009Mr4gAAC",
      "createdByName": "Rajt Dadhich",
      "createdDate": "2022-01-03T05:11:51.000Z",
      "fileName": "classes/Test_LogMessageUtility.cls",
      "fullName": "Test_LogMessageUtility",
      "id": "01p3t00000BSCNmAAP",
      "lastModifiedById": "0053t000009Mr4gAAC",
      "lastModifiedByName": "Rajt Dadhich",
      "lastModifiedDate": "2022-01-03T05:11:51.000Z",
      "manageableState": "unmanaged",
      "namespacePrefix": "EPAMRuleEngine",
      "type": "ApexClass"
    },
    {
      "createdById": "0053t000008lNFpAAM",
      "createdByName": "Raviteja Akkapantula",
      "createdDate": "2021-07-02T11:18:39.000Z",
      "fileName": "classes/InstallLogicTest.cls",
      "fullName": "InstallLogicTest",
      "id": "01p3t00000BJmL3AAL",
      "lastModifiedById": "0053t000008lNFpAAM",
      "lastModifiedByName": "Raviteja Akkapantula",
      "lastModifiedDate": "2021-07-06T15:12:17.000Z",
      "manageableState": "released",
      "namespacePrefix": "EPAMRuleEngine",
      "type": "ApexClass"
    },
    {
      "createdById": "0053t0000087IUXAA2",
      "createdByName": "Nagaseshulu Endla",
      "createdDate": "2020-09-17T08:06:19.000Z",
      "fileName": "classes/RuleEngineUtility.cls",
      "fullName": "RuleEngineUtility",
      "id": "01p3t000009jEAPAA2",
      "lastModifiedById": "0053t0000087IUXAA2",
      "lastModifiedByName": "Nagaseshulu Endla",
      "lastModifiedDate": "2021-01-23T09:31:33.000Z",
      "manageableState": "released",
      "namespacePrefix": "EPAMRuleEngine",
      "type": "ApexClass"
    },
    {
      "createdById": "0053t0000088FzuAAE",
      "createdByName": "Manasa Andalam",
      "createdDate": "2020-11-04T18:20:22.000Z",
      "fileName": "classes/RuleExceptionMessageController.cls",
      "fullName": "RuleExceptionMessageController",
      "id": "01p3t000009jiyXAAQ",
      "lastModifiedById": "0053t0000087IUXAA2",
      "lastModifiedByName": "Nagaseshulu Endla",
      "lastModifiedDate": "2021-02-17T09:23:18.000Z",
      "manageableState": "released",
      "namespacePrefix": "EPAMRuleEngine",
      "type": "ApexClass"
    },
    {
      "createdById": "0053t0000087IUXAA2",
      "createdByName": "Nagaseshulu Endla",
      "createdDate": "2021-01-21T16:43:28.000Z",
      "fileName": "classes/RuleConfiguratonControllerTest.cls",
      "fullName": "RuleConfiguratonControllerTest",
      "id": "01p3t000009k06xAAA",
      "lastModifiedById": "0053t000009Mr4bAAC",
      "lastModifiedByName": "venkataramanjaneyulu kattamuru",
      "lastModifiedDate": "2021-12-28T13:06:24.000Z",
      "manageableState": "released",
      "namespacePrefix": "EPAMRuleEngine",
      "type": "ApexClass"
    },
    {
      "createdById": "0053t000008lNFpAAM",
      "createdByName": "Raviteja Akkapantula",
      "createdDate": "2021-06-18T17:18:30.000Z",
      "fileName": "classes/PostInstallClass.cls",
      "fullName": "PostInstallClass",
      "id": "01p3t00000BJkylAAD",
      "lastModifiedById": "0053t000008lNFpAAM",
      "lastModifiedByName": "Raviteja Akkapantula",
      "lastModifiedDate": "2021-07-06T17:43:42.000Z",
      "manageableState": "released",
      "namespacePrefix": "EPAMRuleEngine",
      "type": "ApexClass"
    },
    {
      "createdById": "0053t0000087WLOAA2",
      "createdByName": "Pavani Perni",
      "createdDate": "2020-09-02T08:19:30.000Z",
      "fileName": "classes/RuleEngine.cls",
      "fullName": "RuleEngine",
      "id": "01p3t000009j6sxAAA",
      "lastModifiedById": "0053t000008lNFpAAM",
      "lastModifiedByName": "Raviteja Akkapantula",
      "lastModifiedDate": "2021-02-17T09:30:19.000Z",
      "manageableState": "released",
      "namespacePrefix": "EPAMRuleEngine",
      "type": "ApexClass"
    },
    {
      "createdById": "0053t0000087IUXAA2",
      "createdByName": "Nagaseshulu Endla",
      "createdDate": "2020-09-10T08:07:32.000Z",
      "fileName": "classes/RuleEngineHandler.cls",
      "fullName": "RuleEngineHandler",
      "id": "01p3t000009jBIfAAM",
      "lastModifiedById": "0053t0000087IUXAA2",
      "lastModifiedByName": "Nagaseshulu Endla",
      "lastModifiedDate": "2021-03-12T13:36:47.000Z",
      "manageableState": "released",
      "namespacePrefix": "EPAMRuleEngine",
      "type": "ApexClass"
    },
    {
      "createdById": "0053t0000087WLOAA2",
      "createdByName": "Pavani Perni",
      "createdDate": "2020-09-02T05:17:09.000Z",
      "fileName": "classes/TriggerDispatcherBase.cls",
      "fullName": "TriggerDispatcherBase",
      "id": "01p3t000009j6sYAAQ",
      "lastModifiedById": "0053t0000087IUXAA2",
      "lastModifiedByName": "Nagaseshulu Endla",
      "lastModifiedDate": "2021-01-23T08:32:15.000Z",
      "manageableState": "released",
      "namespacePrefix": "EPAMRuleEngine",
      "type": "ApexClass"
    }
  ]
}