{
  "status": 0,
  "result": [
    {
      "createdById": "0053t0000087IUXAA2",
      "createdByName": "Nagaseshulu Endla",
      "createdDate": "2020-11-13T12:44:11.000Z",
      "fileName": "lwc/ruleConfigManagementModal",
      "fullName": "ruleConfigManagementModal",
      "id": "0Rb3t000000dZl9CAE",
      "lastModifiedById": "0053t0000087WLTAA2",
      "lastModifiedByName": "Anubhooti Paliwal",
      "lastModifiedDate": "2020-12-03T09:40:11.000Z",
      "manageableState": "unmanaged",
      "namespacePrefix": "EPAMRuleEngine",
      "type": "LightningComponentBundle"
    },
    {
      "createdById": "0053t000009Mr4vAAC",
      "createdByName": "amarender pasham",
      "createdDate": "2021-12-30T07:26:21.000Z",
      "fileName": "lwc/ruleConfigurationRelatedRecords",
      "fullName": "ruleConfigurationRelatedRecords",
      "id": "0Rb3t0000005ho6CAA",
      "lastModifiedById": "0053t000009NTnuAAG",
      "lastModifiedByName": "Amit Kumar Ojha",
      "lastModifiedDate": "2022-04-28T20:16:41.000Z",
      "manageableState": "unmanaged",
      "namespacePrefix": "EPAMRuleEngine",
      "type": "LightningComponentBundle"
    },
    {
      "createdById": "0053t0000088FzuAAE",
      "createdByName": "Manasa Andalam",
      "createdDate": "2020-11-04T18:23:21.000Z",
      "fileName": "lwc/ruleExceptionMessagePage",
      "fullName": "ruleExceptionMessagePage",
      "id": "0Rb3t000000dZ3LCAU",
      "lastModifiedById": "0053t0000087IUXAA2",
      "lastModifiedByName": "Nagaseshulu Endla",
      "lastModifiedDate": "2021-01-27T09:23:45.000Z",
      "manageableState": "released",
      "namespacePrefix": "EPAMRuleEngine",
      "type": "LightningComponentBundle"
    },
    {
      "createdById": "0053t000009NTnuAAG",
      "createdByName": "Amit Kumar Ojha",
      "createdDate": "2022-04-26T18:52:51.000Z",
      "fileName": "lwc/ruleEngineTableRowSequencing",
      "fullName": "ruleEngineTableRowSequencing",
      "id": "0Rb3t000000Po3SCAS",
      "lastModifiedById": "0053t000008zlpgAAA",
      "lastModifiedByName": "Aaditya Raj",
      "lastModifiedDate": "2022-04-28T04:59:28.000Z",
      "manageableState": "unmanaged",
      "namespacePrefix": "EPAMRuleEngine",
      "type": "LightningComponentBundle"
    },
    {
      "createdById": "0053t000008zlpgAAA",
      "createdByName": "Aaditya Raj",
      "createdDate": "2022-04-28T05:18:38.000Z",
      "fileName": "lwc/newCompDragDropTableSeq",
      "fullName": "newCompDragDropTableSeq",
      "id": "0Rb3t000000Po62CAC",
      "lastModifiedById": "0053t000008zlpgAAA",
      "lastModifiedByName": "Aaditya Raj",
      "lastModifiedDate": "2022-04-28T05:52:33.000Z",
      "manageableState": "unmanaged",
      "namespacePrefix": "EPAMRuleEngine",
      "type": "LightningComponentBundle"
    },
    {
      "createdById": "0053t000008zlpgAAA",
      "createdByName": "Aaditya Raj",
      "createdDate": "2022-04-20T20:58:20.000Z",
      "fileName": "lwc/dragAndDropRElwcComp",
      "fullName": "dragAndDropRElwcComp",
      "id": "0Rb3t000000PnzVCAS",
      "lastModifiedById": "0053t000008zlpgAAA",
      "lastModifiedByName": "Aaditya Raj",
      "lastModifiedDate": "2022-04-20T21:01:07.000Z",
      "manageableState": "unmanaged",
      "namespacePrefix": "EPAMRuleEngine",
      "type": "LightningComponentBundle"
    },
    {
      "createdById": "0053t000009NTnuAAG",
      "createdByName": "Amit Kumar Ojha",
      "createdDate": "2022-04-28T08:35:02.000Z",
      "fileName": "lwc/customLightningDatatable",
      "fullName": "customLightningDatatable",
      "id": "0Rb3t000000Po7FCAS",
      "lastModifiedById": "0053t000009NTnuAAG",
      "lastModifiedByName": "Amit Kumar Ojha",
      "lastModifiedDate": "2022-04-28T08:35:28.000Z",
      "manageableState": "unmanaged",
      "namespacePrefix": "EPAMRuleEngine",
      "type": "LightningComponentBundle"
    },
    {
      "createdById": "0053t000009NTnuAAG",
      "createdByName": "Amit Kumar Ojha",
      "createdDate": "2022-04-28T19:53:14.000Z",
      "fileName": "lwc/pubsub",
      "fullName": "pubsub",
      "id": "0Rb3t000000Po7tCAC",
      "lastModifiedById": "0053t000009NTnuAAG",
      "lastModifiedByName": "Amit Kumar Ojha",
      "lastModifiedDate": "2022-04-28T19:53:14.000Z",
      "manageableState": "unmanaged",
      "namespacePrefix": "EPAMRuleEngine",
      "type": "LightningComponentBundle"
    },
    {
      "createdById": "0053t000008zlplAAA",
      "createdByName": "Nidhi Garg",
      "createdDate": "2022-04-18T09:40:05.000Z",
      "fileName": "lwc/exportPdfPOC",
      "fullName": "exportPdfPOC",
      "id": "0Rb3t000000PnvYCAS",
      "lastModifiedById": "0053t000009NTnuAAG",
      "lastModifiedByName": "Amit Kumar Ojha",
      "lastModifiedDate": "2022-04-25T12:51:33.000Z",
      "manageableState": "unmanaged",
      "namespacePrefix": "EPAMRuleEngine",
      "type": "LightningComponentBundle"
    },
    {
      "createdById": "0053t0000087IUXAA2",
      "createdByName": "Nagaseshulu Endla",
      "createdDate": "2020-11-12T14:26:50.000Z",
      "fileName": "lwc/ruleConfig",
      "fullName": "ruleConfig",
      "id": "0Rb3t000000dZj2CAE",
      "lastModifiedById": "0053t000009NTnuAAG",
      "lastModifiedByName": "Amit Kumar Ojha",
      "lastModifiedDate": "2022-04-28T19:57:23.000Z",
      "manageableState": "released",
      "namespacePrefix": "EPAMRuleEngine",
      "type": "LightningComponentBundle"
    },
    {
      "createdById": "0053t0000087IUXAA2",
      "createdByName": "Nagaseshulu Endla",
      "createdDate": "2020-11-13T12:44:11.000Z",
      "fileName": "lwc/ruleConfigForm",
      "fullName": "ruleConfigForm",
      "id": "0Rb3t000000dZl8CAE",
      "lastModifiedById": "0053t000009NTnuAAG",
      "lastModifiedByName": "Amit Kumar Ojha",
      "lastModifiedDate": "2022-04-25T10:32:37.000Z",
      "manageableState": "unmanaged",
      "namespacePrefix": "EPAMRuleEngine",
      "type": "LightningComponentBundle"
    },
    {
      "createdById": "0053t000009MrAoAAK",
      "createdByName": "rahul jain",
      "createdDate": "2021-12-29T17:59:19.000Z",
      "fileName": "lwc/ruleEngine_Paginator",
      "fullName": "ruleEngine_Paginator",
      "id": "0Rb3t0000005hm5CAA",
      "lastModifiedById": "0053t000009NTnuAAG",
      "lastModifiedByName": "Amit Kumar Ojha",
      "lastModifiedDate": "2022-04-15T06:12:37.000Z",
      "manageableState": "unmanaged",
      "namespacePrefix": "EPAMRuleEngine",
      "type": "LightningComponentBundle"
    },
    {
      "createdById": "0053t000009Mr4bAAC",
      "createdByName": "venkataramanjaneyulu kattamuru",
      "createdDate": "2021-12-27T14:50:10.000Z",
      "fileName": "lwc/ruleSearchableCombobox",
      "fullName": "ruleSearchableCombobox",
      "id": "0Rb3t0000005hknCAA",
      "lastModifiedById": "0053t000009Mr4bAAC",
      "lastModifiedByName": "venkataramanjaneyulu kattamuru",
      "lastModifiedDate": "2021-12-28T05:53:19.000Z",
      "manageableState": "unmanaged",
      "namespacePrefix": "EPAMRuleEngine",
      "type": "LightningComponentBundle"
    },
    {
      "createdById": "0053t0000087IUXAA2",
      "createdByName": "Nagaseshulu Endla",
      "createdDate": "2020-11-25T18:51:16.000Z",
      "fileName": "lwc/ruleExceptionConfig",
      "fullName": "ruleExceptionConfig",
      "id": "0Rb3t000000da5DCAQ",
      "lastModifiedById": "0053t0000087WLTAA2",
      "lastModifiedByName": "Anubhooti Paliwal",
      "lastModifiedDate": "2020-12-03T09:40:12.000Z",
      "manageableState": "released",
      "namespacePrefix": "EPAMRuleEngine",
      "type": "LightningComponentBundle"
    },
    {
      "createdById": "0053t0000087IUXAA2",
      "createdByName": "Nagaseshulu Endla",
      "createdDate": "2020-11-25T18:27:48.000Z",
      "fileName": "lwc/ruleRuleException",
      "fullName": "ruleRuleException",
      "id": "0Rb3t000000da4yCAA",
      "lastModifiedById": "0053t0000087WLTAA2",
      "lastModifiedByName": "Anubhooti Paliwal",
      "lastModifiedDate": "2020-12-03T09:40:12.000Z",
      "manageableState": "unmanaged",
      "namespacePrefix": "EPAMRuleEngine",
      "type": "LightningComponentBundle"
    },
    {
      "createdById": "0053t0000087WLTAA2",
      "createdByName": "Anubhooti Paliwal",
      "createdDate": "2020-10-14T09:40:31.000Z",
      "fileName": "lwc/ruleConfiguration",
      "fullName": "ruleConfiguration",
      "id": "0Rb3t000000dXZZCA2",
      "lastModifiedById": "0053t000009NTnuAAG",
      "lastModifiedByName": "Amit Kumar Ojha",
      "lastModifiedDate": "2022-04-25T12:58:34.000Z",
      "manageableState": "unmanaged",
      "namespacePrefix": "EPAMRuleEngine",
      "type": "LightningComponentBundle"
    },
    {
      "createdById": "0053t000008zlpgAAA",
      "createdByName": "Aaditya Raj",
      "createdDate": "2022-04-27T13:59:58.000Z",
      "fileName": "lwc/tableDataSequencingcomp",
      "fullName": "tableDataSequencingcomp",
      "id": "0Rb3t000000Po3hCAC",
      "lastModifiedById": "0053t000008zlpgAAA",
      "lastModifiedByName": "Aaditya Raj",
      "lastModifiedDate": "2022-04-28T04:55:52.000Z",
      "manageableState": "unmanaged",
      "namespacePrefix": "EPAMRuleEngine",
      "type": "LightningComponentBundle"
    },
    {
      "createdById": "0053t000009NTnuAAG",
      "createdByName": "Amit Kumar Ojha",
      "createdDate": "2022-04-26T10:55:43.000Z",
      "fileName": "lwc/ruleCriteriaFormulaBuilder",
      "fullName": "ruleCriteriaFormulaBuilder",
      "id": "0Rb3t000000Po33CAC",
      "lastModifiedById": "0053t000009NTnuAAG",
      "lastModifiedByName": "Amit Kumar Ojha",
      "lastModifiedDate": "2022-04-28T07:39:33.000Z",
      "manageableState": "unmanaged",
      "namespacePrefix": "EPAMRuleEngine",
      "type": "LightningComponentBundle"
    },
    {
      "createdById": "0053t000009NTnuAAG",
      "createdByName": "Amit Kumar Ojha",
      "createdDate": "2022-04-27T05:53:26.000Z",
      "fileName": "lwc/recordPaginator",
      "fullName": "recordPaginator",
      "id": "0Rb3t000000Po3cCAC",
      "lastModifiedById": "0053t000009NTnuAAG",
      "lastModifiedByName": "Amit Kumar Ojha",
      "lastModifiedDate": "2022-04-28T19:29:13.000Z",
      "manageableState": "unmanaged",
      "namespacePrefix": "EPAMRuleEngine",
      "type": "LightningComponentBundle"
    },
    {
      "createdById": "0053t000009NTnuAAG",
      "createdByName": "Amit Kumar Ojha",
      "createdDate": "2022-04-28T08:16:35.000Z",
      "fileName": "lwc/customRuleNameForDatatable",
      "fullName": "customRuleNameForDatatable",
      "id": "0Rb3t000000Po67CAC",
      "lastModifiedById": "0053t000009NTnuAAG",
      "lastModifiedByName": "Amit Kumar Ojha",
      "lastModifiedDate": "2022-04-28T08:43:24.000Z",
      "manageableState": "unmanaged",
      "namespacePrefix": "EPAMRuleEngine",
      "type": "LightningComponentBundle"
    },
    {
      "createdById": "0053t000008zlpgAAA",
      "createdByName": "Aaditya Raj",
      "createdDate": "2022-04-10T16:33:09.000Z",
      "fileName": "lwc/ruleConfigDropDownPOC",
      "fullName": "ruleConfigDropDownPOC",
      "id": "0Rb3t000000PnomCAC",
      "lastModifiedById": "0053t000009NTnuAAG",
      "lastModifiedByName": "Amit Kumar Ojha",
      "lastModifiedDate": "2022-04-13T11:03:59.000Z",
      "manageableState": "unmanaged",
      "namespacePrefix": "EPAMRuleEngine",
      "type": "LightningComponentBundle"
    },
    {
      "createdById": "0053t000009Mr50AAC",
      "createdByName": "sushant ujlayan",
      "createdDate": "2021-12-28T10:47:32.000Z",
      "fileName": "lwc/ruleForm",
      "fullName": "ruleForm",
      "id": "0Rb3t0000005hlCCAQ",
      "lastModifiedById": "0053t000009Mr4bAAC",
      "lastModifiedByName": "venkataramanjaneyulu kattamuru",
      "lastModifiedDate": "2022-01-20T11:26:26.000Z",
      "manageableState": "unmanaged",
      "namespacePrefix": "EPAMRuleEngine",
      "type": "LightningComponentBundle"
    },
    {
      "createdById": "0053t000009Mr50AAC",
      "createdByName": "sushant ujlayan",
      "createdDate": "2021-12-28T06:15:28.000Z",
      "fileName": "lwc/modal",
      "fullName": "modal",
      "id": "0Rb3t0000005hl7CAA",
      "lastModifiedById": "0053t000009Mr50AAC",
      "lastModifiedByName": "sushant ujlayan",
      "lastModifiedDate": "2021-12-29T07:06:47.000Z",
      "manageableState": "unmanaged",
      "namespacePrefix": "EPAMRuleEngine",
      "type": "LightningComponentBundle"
    },
    {
      "createdById": "0053t0000087IUXAA2",
      "createdByName": "Nagaseshulu Endla",
      "createdDate": "2020-11-23T19:04:31.000Z",
      "fileName": "lwc/ruleListComponent",
      "fullName": "ruleListComponent",
      "id": "0Rb3t000000dZyRCAU",
      "lastModifiedById": "0053t0000087WLTAA2",
      "lastModifiedByName": "Anubhooti Paliwal",
      "lastModifiedDate": "2020-12-03T09:40:12.000Z",
      "manageableState": "unmanaged",
      "namespacePrefix": "EPAMRuleEngine",
      "type": "LightningComponentBundle"
    },
    {
      "createdById": "0053t000009MrAoAAK",
      "createdByName": "rahul jain",
      "createdDate": "2021-12-30T08:27:14.000Z",
      "fileName": "lwc/paginatorruleengine",
      "fullName": "paginatorruleengine",
      "id": "0Rb3t0000005hoLCAQ",
      "lastModifiedById": "0053t000009NTnuAAG",
      "lastModifiedByName": "Amit Kumar Ojha",
      "lastModifiedDate": "2022-04-28T20:15:44.000Z",
      "manageableState": "unmanaged",
      "namespacePrefix": "EPAMRuleEngine",
      "type": "LightningComponentBundle"
    }
  ]
}